source,target,count,type
24,1,2,O
24,2,352,O
24,3,3,O
24,4,1,M
24,5,1,O
24,8,4,O
24,10,2,O
24,13,5,O
24,16,15,O
24,17,1,O
24,18,2,O
24,19,6,O
24,21,1,M
24,22,1,O
24,26,2,O
24,29,1,O
24,33,1,M
24,34,14,O
24,35,1,M
24,36,1,M
24,38,5,O
24,39,25,O
24,40,2,M
24,42,20,O
24,43,1,M
24,45,64,O
24,46,27,O
24,47,1,M
24,50,82,O
24,51,1,O
24,52,2,O
24,54,2,M
24,55,4,O
24,56,4,O
24,60,5,O
24,65,4,O
24,66,4,M
24,67,2,O
24,68,1,M
24,70,4,O
24,71,2,O
24,72,1,M
24,76,1,O
24,78,5,O
24,79,2,O
24,83,1,M
24,84,3,M
24,86,10,O
24,87,1,M
24,91,1,M
24,94,2,M
24,96,1,M
24,97,1,O
24,100,1,M
24,102,1,M
24,103,1,O
24,104,2,O
24,107,2,O
24,108,3,O
24,109,2,O
24,113,19,O
24,114,6,M
24,116,24,M
24,117,7,M
24,118,2,O
24,120,1,M
24,121,1,O
24,125,1,O
24,127,1,O
24,130,5,M
24,131,1,M
24,132,2,O
24,137,2,O
24,138,2,O
24,141,1,O
24,143,3,O
24,144,1,O
24,145,1,O
24,150,1,M
24,152,1,O
24,153,2,M
24,154,2,M
24,161,1,M
24,162,1,O
24,163,6,M
40,3,7,O
40,23,1,O
40,25,6,O
40,41,1,O
40,42,7,O
40,43,1,O
40,44,1,O
40,81,11,O
40,142,4,O
40,146,1,O
40,147,1,O
40,148,1,O
40,149,1,O
40,150,1,O
40,151,1,O
40,153,5,O
40,154,7,O
40,155,1,O
40,157,6,O
40,158,2,O
40,159,1,O
45,2,202,O
45,6,21,O
45,7,1,O
45,8,1,O
45,13,1,O
45,15,2,O
45,16,14,O
45,17,1,M
45,21,3,O
45,24,9,M
45,27,1,O
45,28,21,O
45,31,1,O
45,35,1,O
45,38,1,O
45,39,9,O
45,48,1,O
45,49,1,O
45,50,27,O
45,51,11,O
45,53,3,O
45,57,1,O
45,59,2,O
45,63,1,O
45,65,1,O
45,66,6,M
45,71,7,O
45,72,1,O
45,73,1,O
45,74,1,O
45,77,1,O
45,80,1,M
45,82,3,O
45,84,6,M
45,85,2,O
45,86,8,O
45,87,1,O
45,91,3,O
45,92,1,O
45,93,1,O
45,94,5,O
45,95,1,O
45,96,2,O
45,98,1,O
45,100,1,O
45,107,2,O
45,108,3,O
45,113,2,O
45,115,4,O
45,116,2,M
45,121,2,O
45,134,14,O
45,135,1,O
45,139,5,O
46,2,94,O
46,11,1,O
46,13,1,M
46,16,6,M
46,24,4,M
46,33,5,O
46,39,7,O
46,50,18,O
46,54,1,O
46,60,6,O
46,62,11,M
46,64,2,O
46,65,8,O
46,78,7,O
46,102,2,M
46,108,3,O
46,113,1,M
46,114,1,M
46,116,6,M
46,126,4,O
46,129,1,M
50,2,138,O
50,4,1,O
50,6,31,O
50,12,1,O
50,13,3,O
50,16,2,M
50,19,1,O
50,24,13,M
50,32,1,M
50,34,1,O
50,36,1,O
50,37,1,M
50,38,1,O
50,39,6,O
50,42,22,O
50,45,31,O
50,46,2,M
50,49,1,M
50,53,6,O
50,55,1,M
50,58,1,M
50,62,4,M
50,65,1,M
50,66,2,M
50,69,1,M
50,71,1,M
50,75,1,M
50,76,7,O
50,78,6,O
50,79,2,O
50,80,1,M
50,86,1,M
50,99,1,O
50,101,1,O
50,102,2,O
50,105,1,O
50,106,1,O
50,108,1,M
50,112,1,O
50,113,9,O
50,114,2,M
50,116,12,M
50,117,7,M
50,122,1,O
50,123,2,O
50,129,1,O
50,130,30,M
50,131,2,O
50,132,2,O
50,134,28,O
50,135,2,O
50,140,3,O
50,145,2,O
50,163,1,M
50,164,1,M
50,176,2,O
66,2,70,O
66,8,1,M
66,20,1,O
66,24,4,M
66,37,2,O
66,38,2,O
66,39,1,O
66,45,8,M
66,50,2,M
66,65,4,O
66,76,3,O
66,80,9,O
66,88,1,O
66,104,1,O
66,113,1,M
66,114,1,M
66,116,2,M
66,117,2,M
84,2,1,O
84,13,3,O
84,19,5,O
84,24,3,M
84,40,3,M
84,45,1,M
84,67,1,M
84,69,2,O
84,76,9,O
84,83,1,O
84,116,3,M
113,2,33,O
113,16,9,O
113,24,3,M
113,31,2,O
113,32,1,O
113,38,5,O
113,45,5,M
113,55,2,O
113,66,3,M
113,89,1,O
113,90,1,O
113,102,1,O
113,107,2,M
113,109,4,O
113,110,1,O
113,111,1,O
113,114,1,M
113,119,1,O
113,120,1,O
114,2,16,O
114,38,1,O
114,39,1,O
116,2,3,O
116,8,2,O
116,9,2,O
116,10,1,O
116,11,1,M
116,14,2,O
116,16,2,O
116,19,3,O
116,24,5,M
116,30,4,O
116,39,8,O
116,45,8,M
116,47,1,O
116,50,7,M
116,54,1,O
116,58,4,O
116,60,2,O
116,61,6,O
116,65,3,O
116,68,1,O
116,71,1,M
116,75,1,O
116,76,3,M
116,84,4,M
116,86,2,O
116,113,1,M
116,128,1,O
116,132,1,M
116,133,2,O
116,139,2,O
117,50,2,M
117,66,1,M
117,108,2,O
117,124,1,O
156,40,1,M
156,106,2,M
156,165,1,M
160,42,3,O
