0,205525,205525,1,58,3,0.34,0.66,0.51
0,205525,205525,1,41,2,0.5,0.5,0.47
0,205525,205525,1,38,1,0.63,0.37,0.36
0,205525,205525,1,29,3,0.48,0.52,0.55
0,205525,205525,1,22,1,0.56,0.44,0.19
0,114376,205525,0,49,2,0.46,0.54,0.34
0,114376,75250,0,32,3,0.49,0.51,0.6
0,205529,205525,0,42,1,0.55,0.45,0.25
0,205529,205529,1,39,2,0.24,0.76,0.15
0,205529,205525,0,43,2,0.46,0.54,0.19
0,205525,114376,0,56,2,0.4,0.6,0.03
0,205525,205525,1,12,2,0.5,0.5,0.37
0,205525,205525,1,43,1,0.74,0.26,0.24
0,205525,205525,1,43,2,0.47,0.53,0.22
0,205525,114376,0,29,2,0.38,0.62,0.26
0,205526,205525,0,38,2,0.32,0.68,0.14
0,205526,205526,1,1,1,0.56,0.44,0.34
0,205526,205526,1,11,1,0.6,0.4,0.4
0,205526,205526,1,57,2,0.35,0.65,0.0
0,205525,75250,0,10,3,0.49,0.51,0.6
0,205525,75250,0,25,2,0.41,0.59,0.36
0,205525,205525,1,37,3,0.59,0.41,0.6
0,205525,75250,0,0,2,0.34,0.66,0.44
0,205525,205343,0,18,3,0.53,0.47,0.55
0,205501,75250,0,52,2,0.46,0.54,0.27
0,205531,75250,0,8,2,0.42,0.58,0.48
0,205531,122730,0,17,1,0.57,0.43,0.39
0,114376,114376,1,57,2,0.33,0.67,0.15
0,114376,114376,1,20,1,0.58,0.42,0.16
0,75250,205525,0,2,1,0.74,0.26,0.17
0,75250,75250,1,31,3,0.62,0.38,0.6
0,75250,75250,1,9,2,0.2,0.8,0.3
0,75250,75250,1,32,2,0.23,0.77,0.33
0,205440,205525,0,43,2,0.41,0.59,0.37
0,205440,205525,0,7,1,0.64,0.36,0.14
0,205440,205525,0,13,3,0.54,0.46,0.6
0,17573,75250,0,46,1,0.63,0.37,0.26
0,17573,205525,0,36,3,0.54,0.46,0.76
0,17573,205343,0,57,2,0.26,0.74,0.39
0,17573,75250,0,11,3,0.4,0.6,0.79
0,17573,75250,0,26,3,0.44,0.56,0.66
0,17573,75250,0,43,2,0.42,0.58,0.46
0,17573,75250,0,16,2,0.37,0.63,0.46
0,17573,75250,0,32,2,0.32,0.68,0.48
0,17573,75250,0,34,2,0.29,0.71,0.04
0,17573,75250,0,42,2,0.32,0.68,0.42
0,17573,75250,0,45,2,0.35,0.65,0.33
1,205525,205526,0,24,2,0.46,0.54,0.39
1,205525,205526,0,11,2,0.36,0.64,0.15
1,205525,205525,1,6,2,0.25,0.75,0.2
1,205525,75250,0,54,3,0.56,0.44,0.77
1,205525,205343,0,55,1,0.51,0.49,0.3
1,205526,205525,0,20,1,0.65,0.35,0.1
1,205526,205526,1,43,2,0.43,0.57,0.14
1,205526,205526,1,14,2,0.24,0.76,0.34
1,205525,75250,0,56,2,0.33,0.67,0.08
1,205525,75250,0,3,1,0.56,0.44,0.36
1,205525,205526,0,59,2,0.22,0.78,0.24
0,205506,75250,0,15,1,0.7,0.3,0.18
0,205506,205506,1,48,1,0.54,0.46,0.28
1,205525,205525,1,35,3,0.48,0.52,0.52
1,205525,205525,1,36,3,0.56,0.44,0.63
1,205525,75250,0,43,2,0.32,0.68,0.38
1,205525,114376,0,50,2,0.33,0.67,0.24
1,205525,205525,1,25,3,0.42,0.58,0.53
1,205525,205525,1,20,1,0.77,0.23,0.22
1,205525,205343,0,34,2,0.31,0.69,0.05
1,205525,205343,0,57,3,0.53,0.47,0.6
1,205525,205525,1,43,1,0.6,0.4,0.14
1,205525,205526,0,25,2,0.22,0.78,0.17
1,205525,205526,0,35,2,0.43,0.57,0.36
1,205525,205525,1,36,1,0.56,0.44,0.25
1,205529,75250,0,41,3,0.48,0.52,0.52
1,205529,25357,0,52,3,0.49,0.51,0.6
1,205529,205529,1,19,3,0.61,0.39,0.68
1,205529,205525,0,23,3,0.65,0.35,0.89
1,205529,205525,0,10,2,0.46,0.54,0.19
1,205529,205525,0,10,1,0.58,0.42,0.17
1,205529,205525,0,48,2,0.44,0.56,0.34
1,205529,205525,0,44,2,0.22,0.78,0.11
1,205529,205525,0,30,2,0.32,0.68,0.3
1,205529,205525,0,27,3,0.51,0.49,0.65
1,205529,205525,0,35,2,0.32,0.68,0.16
1,205529,205525,0,22,1,0.54,0.46,0.35
1,205529,205525,0,50,2,0.41,0.59,0.35
1,205529,205525,0,20,2,0.47,0.53,0.34
1,205529,205525,0,25,2,0.46,0.54,0.49
1,205529,205525,0,57,2,0.48,0.52,0.24
1,205529,205525,0,55,2,0.43,0.57,0.43
1,205529,205529,1,26,2,0.49,0.51,0.41
1,205529,205529,1,27,2,0.45,0.55,0.47
1,205529,205529,1,46,1,0.51,0.49,0.44
1,205529,205529,1,58,1,0.52,0.48,0.49
1,205529,205529,1,32,2,0.34,0.66,0.38
1,205529,205525,0,35,2,0.42,0.58,0.48
1,205529,205525,0,11,1,0.65,0.35,0.31
1,205529,205529,1,15,2,0.47,0.53,0.42
1,205529,205529,1,32,2,0.46,0.54,0.44
1,205529,205529,1,35,3,0.53,0.47,0.58
1,205529,205529,1,45,1,0.65,0.35,0.36
1,205529,205529,1,33,1,0.56,0.44,0.35
1,205529,205529,1,22,3,0.58,0.42,0.62
1,205529,205529,1,33,3,0.57,0.43,0.72
1,205529,205529,1,50,3,0.59,0.41,0.73
1,205529,205529,1,15,2,0.32,0.68,0.12
1,205529,205529,1,19,3,0.53,0.47,0.58
1,205529,205525,0,13,2,0.48,0.52,0.37
1,205529,205525,0,30,2,0.38,0.62,0.12
1,205529,205525,0,15,1,0.7,0.3,0.17
1,205529,205529,1,10,2,0.42,0.58,0.12
1,205529,205525,0,53,1,0.74,0.26,0.26
1,205529,205529,1,27,2,0.44,0.56,0.4
1,205529,205525,0,17,2,0.37,0.63,0.21
1,205529,114376,0,14,1,0.6,0.4,0.48
1,205529,114376,0,17,3,0.54,0.46,0.74
1,205529,114376,0,10,3,0.49,0.51,0.76
1,205529,114376,0,59,3,0.47,0.53,0.56
1,205529,114376,0,6,2,0.38,0.62,0.17
1,205529,114376,0,9,3,0.51,0.49,0.57
1,205529,114376,0,20,2,0.35,0.65,0.04
1,205529,114376,0,19,2,0.31,0.69,0.07
1,205529,205529,1,58,3,0.48,0.52,0.75
1,205529,205529,1,51,2,0.29,0.71,0.4
1,205529,205529,1,18,3,0.45,0.55,0.92
1,205529,205529,1,20,3,0.53,0.47,0.58
1,205529,205529,1,23,2,0.49,0.51,0.38
1,205529,205529,1,7,2,0.4,0.6,0.34
1,205529,205526,0,46,2,0.33,0.67,0.28
1,205529,205526,0,31,2,0.46,0.54,0.33
1,205529,205529,1,47,1,0.59,0.41,0.37
1,205529,205529,1,35,3,0.58,0.42,0.62
1,205529,205529,1,36,1,0.58,0.42,0.24
1,205529,205529,1,43,2,0.46,0.54,0.23
1,205529,205343,0,41,2,0.37,0.63,0.34
1,205529,205343,0,22,3,0.46,0.54,0.95
1,205529,205343,0,28,2,0.29,0.71,0.22
1,205529,205529,1,15,1,0.6,0.4,0.26
1,205529,205343,0,59,2,0.44,0.56,0.35
1,205529,205529,1,19,2,0.38,0.62,0.11
1,205529,31088,0,49,3,0.49,0.51,0.6
1,205529,205529,1,24,2,0.44,0.56,0.41
1,205529,205343,0,57,2,0.31,0.69,0.11
1,205529,205343,0,49,1,0.56,0.44,0.2
1,205529,205343,0,54,2,0.41,0.59,0.37
1,205529,205343,0,22,1,0.53,0.47,0.2
1,205529,205529,1,8,3,0.42,0.58,0.68
1,205529,205529,1,21,3,0.48,0.52,0.63
1,205529,205343,0,50,3,0.29,0.71,0.53
1,205529,205343,0,32,1,0.54,0.46,0.34
1,205525,205525,1,53,1,0.54,0.46,0.17
1,205525,114376,0,56,2,0.27,0.73,0.35
1,205525,114376,0,56,2,0.33,0.67,0.36
1,114376,205526,0,12,3,0.48,0.52,0.6
1,205525,205525,1,16,3,0.31,0.69,0.57
1,205525,114376,0,19,2,0.46,0.54,0.12
1,205525,205343,0,55,2,0.24,0.76,0.34
1,205525,205526,0,35,2,0.36,0.64,0.21
1,205526,205343,0,31,3,0.59,0.41,0.87
1,205526,205526,1,40,1,0.67,0.33,0.4
0,205491,205525,0,14,1,0.62,0.38,0.16
0,205491,205525,0,0,2,0.46,0.54,0.47
0,205491,205525,0,41,1,0.55,0.45,0.39
0,205491,205525,0,42,3,0.64,0.36,0.51
0,205491,205525,0,33,1,0.67,0.33,0.33
0,205491,205491,1,57,1,0.51,0.49,0.06
0,205491,205491,1,13,2,0.13,0.87,0.09
0,205491,205491,1,42,2,0.38,0.62,0.17
0,205491,205491,1,35,1,0.64,0.36,0.19
0,205491,205491,1,12,1,0.57,0.43,0.23
0,205491,205491,1,56,2,0.27,0.73,0.15
0,205491,205525,0,14,2,0.49,0.51,0.08
0,205491,205343,0,9,2,0.35,0.65,0.17
0,205491,205343,0,31,1,0.71,0.29,0.27
0,205491,205343,0,44,3,0.56,0.44,0.72
0,205491,205343,0,14,1,0.65,0.35,0.34
0,205491,205525,0,10,1,0.51,0.49,0.14
0,205491,205491,1,41,1,0.51,0.49,0.16
0,205491,205491,1,42,1,0.55,0.45,0.08
0,205491,205491,1,18,2,0.45,0.55,0.2
0,205491,205526,0,13,1,0.53,0.47,0.04
0,205491,205525,0,19,2,0.3,0.7,0.25
0,205491,205525,0,10,2,0.45,0.55,0.38
0,205491,205491,1,8,1,0.75,0.25,0.18
0,205491,205343,0,34,3,0.69,0.31,0.55
0,205491,205491,1,28,2,0.43,0.57,0.28
1,205525,204885,0,29,3,0.49,0.51,0.6
1,114376,205525,0,7,3,0.49,0.51,0.63
1,114376,114376,1,17,2,0.31,0.69,0.17
1,114376,205525,0,33,2,0.37,0.63,0.5
1,114376,114376,1,57,2,0.23,0.77,0.37
1,205526,205525,0,38,1,0.62,0.38,0.23
1,205526,205526,1,31,2,0.23,0.77,0.0
1,205526,205525,0,13,2,0.45,0.55,0.48
1,205525,114376,0,19,2,0.5,0.5,0.34
1,205525,114376,0,5,2,0.38,0.62,0.26
1,205525,114376,0,48,2,0.24,0.76,0.17
1,205525,205343,0,47,2,0.43,0.57,0.25
1,205525,205343,0,33,2,0.26,0.74,0.3
1,205525,205343,0,19,2,0.45,0.55,0.36
1,205526,205525,0,49,2,0.5,0.5,0.45
1,205526,205525,0,11,2,0.36,0.64,0.41
1,205526,205525,0,41,1,0.68,0.32,0.05
1,205526,205526,1,20,2,0.36,0.64,0.16
1,205526,114376,0,20,2,0.29,0.71,0.33
1,205526,114376,0,30,3,0.44,0.56,0.78
1,205526,114376,0,11,2,0.37,0.63,0.43
1,205526,205526,1,12,1,0.71,0.29,0.14
1,205526,205526,1,25,1,0.56,0.44,0.34
1,205526,205343,0,21,1,0.5,0.5,0.49
1,205526,205343,0,22,3,0.47,0.53,0.72
1,205526,205343,0,26,3,0.45,0.55,0.6
1,205526,205343,0,17,2,0.37,0.63,0.13
1,205526,205526,1,10,2,0.44,0.56,0.05
1,205525,205525,1,16,2,0.2,0.8,0.27
1,205525,205526,0,58,3,0.52,0.48,0.92
1,205525,205526,0,34,2,0.5,0.5,0.38
1,22495,22495,1,55,3,0.41,0.59,0.78
1,22495,205525,0,58,2,0.33,0.67,0.34
1,205525,205343,0,16,2,0.28,0.72,0.44
1,205525,114376,0,15,3,0.65,0.35,0.62
1,205525,205525,1,56,2,0.43,0.57,0.29
1,205526,205526,1,1,3,0.36,0.64,0.53
1,205526,205526,1,19,2,0.29,0.71,0.06
1,205525,205525,1,27,1,0.6,0.4,0.2
1,205525,205525,1,51,2,0.34,0.66,0.12
1,205525,205525,1,12,3,0.59,0.41,0.75
1,72031,205525,0,38,3,0.34,0.66,0.74
1,72031,205526,0,36,2,0.38,0.62,0.38
1,72031,205526,0,17,1,0.6,0.4,0.28
1,205470,75250,0,54,2,0.41,0.59,0.37
1,205470,205470,1,55,3,0.49,0.51,0.6
1,114376,205525,0,55,1,0.67,0.33,0.19
1,75250,75250,1,5,1,0.63,0.37,0.34
0,205470,75250,0,19,2,0.26,0.74,0.35
0,205470,205470,1,18,2,0.33,0.67,0.1
0,205470,75250,0,1,1,0.64,0.36,0.32
1,102870,205343,0,51,3,0.46,0.54,0.69
1,102870,102870,1,33,1,0.63,0.37,0.28
1,102870,102870,1,2,2,0.49,0.51,0.29
1,102870,205343,0,7,2,0.3,0.7,0.2
1,102870,102870,1,55,2,0.24,0.76,0.15
1,102870,205343,0,59,1,0.73,0.27,0.16
1,205525,205343,0,28,3,0.49,0.51,0.79
1,205525,114376,0,19,3,0.36,0.64,0.79
1,205525,205525,1,51,1,0.63,0.37,0.36
1,114376,114376,1,27,2,0.49,0.51,0.38
1,114376,205343,0,14,3,0.66,0.34,0.75
1,114376,114376,1,20,2,0.31,0.69,0.34
1,75250,205525,0,15,3,0.31,0.69,0.71
1,75250,205525,0,36,3,0.4,0.6,0.59
1,75250,75250,1,34,2,0.5,0.5,0.46
1,75250,205525,0,49,2,0.37,0.63,0.37
1,75250,205343,0,13,2,0.46,0.54,0.28
1,75250,75250,1,24,2,0.48,0.52,0.31
1,205343,205343,1,27,3,0.47,0.53,0.52
1,75250,205525,0,20,1,0.56,0.44,0.41
1,75250,75250,1,2,3,0.34,0.66,0.67
1,75250,75250,1,29,3,0.46,0.54,0.6
1,75250,205525,0,51,2,0.28,0.72,0.35
1,75250,75250,1,21,1,0.65,0.35,0.49
1,205525,205525,1,36,1,0.62,0.38,0.08
1,205525,205343,0,55,2,0.42,0.58,0.11
1,205525,205525,1,6,2,0.29,0.71,0.03
1,205343,75250,0,3,1,0.58,0.42,0.19
1,205343,75250,0,14,3,0.55,0.45,0.63
1,205525,75250,0,22,2,0.41,0.59,0.33
1,205525,205525,1,53,1,0.54,0.46,0.39
1,114376,114376,1,21,1,0.61,0.39,0.37
1,205525,199873,0,46,2,0.44,0.56,0.1
1,114376,205525,0,32,3,0.4,0.6,0.64
1,114376,205525,0,1,3,0.49,0.51,0.6
1,114376,114376,1,4,1,0.54,0.46,0.29
1,114376,75250,0,37,2,0.24,0.76,0.42
1,114376,114376,1,59,3,0.47,0.53,0.79
1,114376,114376,1,28,2,0.26,0.74,0.07
1,114376,75250,0,52,2,0.36,0.64,0.19
1,114376,75250,0,45,1,0.61,0.39,0.34
1,114376,114376,1,30,1,0.76,0.24,0.24
1,114376,114376,1,4,2,0.48,0.52,0.41
1,114376,205343,0,48,1,0.56,0.44,0.0
1,114376,114376,1,16,1,0.52,0.48,0.38
1,114376,114376,1,27,1,0.5,0.5,0.2
1,75250,205343,0,47,1,0.65,0.35,0.19
1,205525,205343,0,28,2,0.25,0.75,0.11
1,205525,205343,0,39,1,0.64,0.36,0.23
1,205525,205525,1,5,2,0.21,0.79,0.37
1,205525,114376,0,28,3,0.62,0.38,0.6
1,205525,114376,0,46,2,0.24,0.76,0.28
1,205343,75250,0,54,2,0.34,0.66,0.14
1,205343,75250,0,59,3,0.5,0.5,0.61
1,205343,205343,1,54,1,0.69,0.31,0.37
1,205343,114376,0,22,2,0.5,0.5,0.34
1,205343,114376,0,9,2,0.24,0.76,0.09
1,205343,205343,1,55,2,0.17,0.83,0.25
1,205343,114376,0,43,1,0.67,0.33,0.25
0,75250,205525,0,54,2,0.26,0.74,0.42
0,75250,205525,0,10,3,0.44,0.56,0.52
0,75250,205525,0,3,2,0.37,0.63,0.13
1,75250,205525,0,1,2,0.43,0.57,0.36
1,205531,75250,0,28,2,0.48,0.52,0.38
1,205531,75250,0,44,2,0.48,0.52,0.35
1,205531,205531,1,54,2,0.47,0.53,0.48
1,205531,205343,0,55,2,0.45,0.55,0.17
1,205531,205531,1,11,2,0.41,0.59,0.29
1,205526,75250,0,39,2,0.38,0.62,0.23
1,205526,205526,1,14,1,0.5,0.5,0.13
1,205526,205525,0,59,3,0.49,0.51,0.72
1,205526,205525,0,57,2,0.32,0.68,0.25
1,205526,205526,1,25,2,0.37,0.63,0.14
1,205526,75250,0,26,1,0.74,0.26,0.24
1,205526,75250,0,18,2,0.42,0.58,0.36
1,205526,205525,0,43,1,0.55,0.45,0.22
1,205526,205526,1,53,2,0.37,0.63,0.04
1,205526,205525,0,41,3,0.47,0.53,0.63
1,205526,75250,0,48,2,0.5,0.5,0.36
1,205526,205525,0,26,3,0.49,0.51,0.6
1,205526,205525,0,47,2,0.44,0.56,0.34
1,205526,75250,0,1,3,0.43,0.57,0.65
1,205526,75250,0,58,1,0.67,0.33,0.36
1,205526,75250,0,40,1,0.55,0.45,0.35
1,205526,205525,0,56,3,0.31,0.69,0.67
1,205526,205525,0,51,1,0.55,0.45,0.22
1,205526,205526,1,8,1,0.61,0.39,0.16
1,205526,205526,1,56,3,0.31,0.69,0.87
1,205526,205526,1,10,2,0.31,0.69,0.24
1,205526,205343,0,12,1,0.53,0.47,0.43
1,205526,205343,0,37,2,0.44,0.56,0.42
1,205526,205343,0,55,1,0.78,0.22,0.24
1,75250,205343,0,20,3,0.39,0.61,0.54
1,75250,205343,0,7,1,0.52,0.48,0.24
1,75250,75250,1,12,2,0.22,0.78,0.2
1,75250,205525,0,51,3,0.63,0.37,0.68
1,75250,205343,0,43,2,0.47,0.53,0.18
1,75250,205526,0,34,3,0.48,0.52,0.59
1,205343,205343,1,6,1,0.6,0.4,0.18
1,114376,75250,0,27,2,0.45,0.55,0.09
1,114376,205343,0,12,2,0.44,0.56,0.29
1,205343,75250,0,10,1,0.67,0.33,0.19
1,205343,75250,0,43,3,0.5,0.5,0.57
1,205343,205343,1,26,2,0.33,0.67,0.07
1,205343,205526,0,54,2,0.39,0.61,0.45
1,205343,75250,0,25,2,0.28,0.72,0.14
1,205343,205343,1,30,3,0.36,0.64,0.53
1,205343,75250,0,54,3,0.4,0.6,0.51
1,205343,75250,0,51,3,0.63,0.37,0.72
1,205343,75250,0,26,2,0.49,0.51,0.41
1,205343,75250,0,28,3,0.36,0.64,0.66
1,205343,205343,1,22,2,0.19,0.81,0.01
1,205343,205343,1,47,2,0.49,0.51,0.35
1,205343,205525,0,13,3,0.6,0.4,0.53
1,205343,205526,0,40,2,0.22,0.78,0.32
1,205343,75250,0,51,3,0.7,0.3,0.54
1,205343,205343,1,54,2,0.48,0.52,0.35
1,205343,205525,0,9,2,0.37,0.63,0.47
1,205343,205525,0,53,3,0.38,0.62,0.79
1,205343,205525,0,22,1,0.67,0.33,0.35
1,205343,205343,1,59,3,0.59,0.41,0.6
1,205343,205343,1,7,3,0.51,0.49,0.53
1,205343,205526,0,19,2,0.47,0.53,0.35
1,205343,205526,0,50,1,0.75,0.25,0.11
1,205343,75250,0,42,1,0.7,0.3,0.16
1,205526,205526,1,23,2,0.29,0.71,0.21
1,205526,205526,1,29,2,0.43,0.57,0.34
1,205526,205526,1,44,1,0.55,0.45,0.49
1,205526,205526,1,30,3,0.52,0.48,0.75
1,205525,205343,0,9,1,0.58,0.42,0.38
1,205525,205525,1,13,1,0.52,0.48,0.24
1,205525,205525,1,31,1,0.53,0.47,0.27
1,205525,205343,0,49,3,0.49,0.51,0.6
1,205525,205525,1,4,3,0.52,0.48,0.76
1,205526,75250,0,3,3,0.38,0.62,0.55
1,205343,205525,0,53,2,0.26,0.74,0.34
1,205526,205343,0,10,2,0.42,0.58,0.33
1,205343,205525,0,10,2,0.38,0.62,0.22
1,205526,205343,0,15,2,0.4,0.6,0.35
1,205526,205343,0,41,2,0.49,0.51,0.25
1,205526,205343,0,23,2,0.39,0.61,0.43
1,205526,205343,0,46,2,0.48,0.52,0.4
1,205525,75250,0,6,3,0.43,0.57,0.69
1,205525,205525,1,13,1,0.6,0.4,0.2
1,205525,205343,0,55,3,0.5,0.5,0.58
1,205525,205525,1,7,2,0.5,0.5,0.46
1,205525,205343,0,37,2,0.25,0.75,0.12
1,205525,205526,0,38,1,0.62,0.38,0.35
1,205525,205525,1,29,1,0.6,0.4,0.35
1,205343,205525,0,54,3,0.43,0.57,0.78
1,205343,205343,1,58,3,0.44,0.56,0.86
1,205343,205343,1,43,1,0.62,0.38,0.18
1,205343,205525,0,24,1,0.67,0.33,0.17
1,205343,205343,1,26,1,0.53,0.47,0.21
1,205525,205343,0,6,2,0.33,0.67,0.24
1,205525,205525,1,58,3,0.26,0.74,0.85
1,205525,205343,0,4,1,0.68,0.32,0.34
1,205343,205343,1,37,3,0.53,0.47,0.58
1,205343,75250,0,1,2,0.43,0.57,0.42
1,205343,75250,0,7,2,0.44,0.56,0.02
1,205343,75250,0,11,1,0.67,0.33,0.19
1,205343,75250,0,33,1,0.57,0.43,0.21
1,205343,205525,0,44,1,0.66,0.34,0.28
1,205343,205343,1,21,2,0.33,0.67,0.11
1,205525,75250,0,20,3,0.49,0.51,0.6
1,75250,205343,0,53,2,0.37,0.63,0.48
1,205343,205525,0,13,3,0.49,0.51,0.6
1,205343,75250,0,59,3,0.44,0.56,0.87
1,205343,75250,0,16,2,0.45,0.55,0.15
1,205343,75250,0,40,3,0.45,0.55,0.6
1,205343,205525,0,0,2,0.37,0.63,0.32
1,205343,205343,1,5,3,0.58,0.42,0.85
1,205343,205343,1,27,2,0.3,0.7,0.32
1,205343,205343,1,18,3,0.34,0.66,0.68
1,205343,205343,1,26,2,0.22,0.78,0.31
1,75250,205343,0,56,2,0.44,0.56,0.48
1,75250,205343,0,59,2,0.4,0.6,0.27
1,75250,75250,1,43,3,0.39,0.61,0.53
1,205526,205525,0,26,1,0.51,0.49,0.49
1,205526,205526,1,13,3,0.64,0.36,0.59
1,205526,205526,1,43,2,0.45,0.55,0.41
1,114376,205525,0,27,2,0.47,0.53,0.34
1,114376,114376,1,35,2,0.21,0.79,0.34
1,114376,205525,0,17,1,0.63,0.37,0.36
1,114376,205526,0,19,1,0.8,0.2,0.28
1,205525,205525,1,52,2,0.37,0.63,0.34
1,205525,205343,0,35,1,0.55,0.45,0.4
1,114376,205525,0,22,3,0.25,0.75,0.64
1,114376,114376,1,53,1,0.61,0.39,0.18
1,114376,205525,0,3,1,0.64,0.36,0.28
1,114376,205525,0,20,1,0.64,0.36,0.2
1,114376,205525,0,38,3,0.5,0.5,0.5
1,114376,205343,0,37,2,0.24,0.76,0.02
1,114376,205343,0,15,2,0.15,0.85,0.12
1,114376,205343,0,2,2,0.36,0.64,0.45
1,114376,114376,1,12,2,0.3,0.7,0.19
1,114376,205526,0,34,1,0.65,0.35,0.19
1,114376,205343,0,47,2,0.43,0.57,0.34
1,114376,114376,1,29,2,0.25,0.75,0.35
1,114376,205526,0,45,1,0.65,0.35,0.19
1,205525,205343,0,26,1,0.65,0.35,0.39
1,205525,75250,0,53,2,0.38,0.62,0.37
1,205525,75250,0,21,1,0.6,0.4,0.2
1,205525,205525,1,58,1,0.56,0.44,0.25
1,205525,75250,0,27,1,0.6,0.4,0.15
1,205525,75250,0,59,3,0.45,0.55,0.51
1,205525,205525,1,14,2,0.31,0.69,0.32
1,205525,205525,1,0,3,0.59,0.41,0.65
1,205525,205525,1,58,2,0.3,0.7,0.24
1,205525,205525,1,48,1,0.64,0.36,0.41
1,75250,205525,0,5,2,0.36,0.64,0.03
1,75250,205525,0,16,2,0.49,0.51,0.21
1,75250,205525,0,38,1,0.6,0.4,0.46
1,75250,75250,1,42,1,0.5,0.5,0.46
1,75250,205343,0,39,3,0.45,0.55,0.59
1,75250,205343,0,14,2,0.32,0.68,0.26
1,205526,205526,1,49,2,0.28,0.72,0.23
1,126754,205343,0,8,1,0.52,0.48,0.41
1,126754,126754,1,25,3,0.46,0.54,0.72
1,126754,126754,1,9,2,0.35,0.65,0.49
1,126754,75250,0,6,2,0.39,0.61,0.38
1,126754,126754,1,22,1,0.68,0.32,0.39
1,126754,126754,1,31,2,0.45,0.55,0.12
1,126754,205525,0,45,3,0.52,0.48,0.62
1,114376,205526,0,2,1,0.62,0.38,0.19
1,114376,205526,0,7,2,0.35,0.65,0.36
1,114376,205526,0,31,2,0.18,0.82,0.09
1,114376,205526,0,50,2,0.23,0.77,0.3
1,114376,205525,0,40,1,0.51,0.49,0.02
1,114376,114376,1,38,1,0.63,0.37,0.36
1,114376,75250,0,33,3,0.34,0.66,0.56
1,114376,75250,0,4,3,0.45,0.55,0.58
1,114376,114376,1,11,2,0.28,0.72,0.41
1,114376,75250,0,53,1,0.54,0.46,0.01
1,114376,75250,0,42,2,0.28,0.72,0.33
1,114376,114376,1,15,1,0.61,0.39,0.28
1,114376,75250,0,52,3,0.6,0.4,0.6
1,205525,205526,0,26,3,0.22,0.78,0.51
1,205525,205526,0,17,3,0.4,0.6,0.56
1,205525,205343,0,11,2,0.32,0.68,0.3
1,205525,205343,0,33,2,0.15,0.85,0.1
1,205525,205526,0,29,1,0.58,0.42,0.38
0,205525,205343,0,26,3,0.38,0.62,0.57
1,205526,205526,1,10,1,0.54,0.46,0.36
1,205526,75250,0,27,1,0.75,0.25,0.14
1,205526,75250,0,2,1,0.68,0.32,0.36
1,205526,205343,0,41,2,0.3,0.7,0.4
1,205526,75250,0,12,1,0.59,0.41,0.15
1,205526,75250,0,28,1,0.6,0.4,0.44
1,205526,205343,0,45,1,0.51,0.49,0.35
1,205526,205343,0,5,3,0.44,0.56,0.67
1,205526,205343,0,38,2,0.29,0.71,0.15
1,205526,205343,0,10,2,0.35,0.65,0.34
1,205526,205525,0,23,2,0.49,0.51,0.34
1,205526,205526,1,47,2,0.31,0.69,0.21
1,205343,114376,0,44,3,0.37,0.63,0.67
1,205343,205526,0,31,3,0.44,0.56,0.59
1,205343,205343,1,32,3,0.34,0.66,0.78
1,205343,205525,0,51,1,0.72,0.28,0.24
1,75250,205526,0,0,2,0.46,0.54,0.38
1,205525,114376,0,24,2,0.37,0.63,0.39
1,205525,114376,0,42,2,0.33,0.67,0.34
1,205525,205525,1,43,2,0.31,0.69,0.19
1,205525,114376,0,42,1,0.52,0.48,0.15
1,205525,75250,0,27,3,0.35,0.65,0.53
1,205525,205525,1,27,3,0.41,0.59,0.6
1,205525,75250,0,55,2,0.48,0.52,0.35
1,205525,75250,0,9,1,0.66,0.34,0.15
1,205525,205525,1,52,3,0.51,0.49,0.83
1,205525,114376,0,4,3,0.55,0.45,0.81
1,205525,205343,0,45,2,0.21,0.79,0.19
1,205525,205525,1,22,2,0.44,0.56,0.14
1,205525,205343,0,17,2,0.46,0.54,0.38
1,205525,205526,0,51,3,0.19,0.81,0.52
1,205525,205525,1,36,2,0.3,0.7,0.17
1,205525,205343,0,25,2,0.45,0.55,0.23
1,205525,205525,1,33,2,0.44,0.56,0.17
1,205525,205343,0,39,3,0.5,0.5,0.5
1,205525,205526,0,34,2,0.36,0.64,0.1
1,205525,205525,1,2,2,0.46,0.54,0.22
1,205525,205525,1,43,3,0.2,0.8,0.52
1,205525,205525,1,9,2,0.18,0.82,0.13
1,205525,205343,0,34,3,0.36,0.64,0.83
1,205525,205526,0,11,1,0.74,0.26,0.11
0,205525,75250,0,32,2,0.41,0.59,0.37
0,205525,75250,0,28,1,0.69,0.31,0.23
0,205525,75250,0,57,1,0.57,0.43,0.33
0,205525,75250,0,25,2,0.28,0.72,0.06
0,205525,205526,0,8,2,0.31,0.69,0.22
1,205343,205343,1,39,1,0.64,0.36,0.37
1,205526,205525,0,25,2,0.32,0.68,0.36
1,114376,75250,0,50,1,0.54,0.46,0.09
1,114376,114376,1,1,2,0.31,0.69,0.35
1,205531,205531,1,57,2,0.48,0.52,0.08
1,205531,75250,0,20,2,0.42,0.58,0.34
1,205531,75250,0,2,1,0.52,0.48,0.38
1,205531,205531,1,23,2,0.35,0.65,0.11
1,205531,205531,1,26,3,0.49,0.51,0.87
1,205531,75250,0,50,3,0.41,0.59,0.75
1,205531,75250,0,11,2,0.41,0.59,0.37
1,205531,75250,0,47,3,0.32,0.68,0.53
1,205531,205531,1,33,2,0.31,0.69,0.17
1,205531,205531,1,53,1,0.68,0.32,0.45
1,205531,205531,1,29,2,0.34,0.66,0.14
1,205531,205531,1,51,2,0.32,0.68,0.17
1,205531,75250,0,39,3,0.63,0.37,0.69
1,114376,205525,0,42,2,0.28,0.72,0.18
1,114376,205343,0,31,2,0.46,0.54,0.33
1,205526,205525,0,50,1,0.52,0.48,0.2
1,114376,75250,0,19,3,0.49,0.51,0.6
1,114376,205343,0,13,2,0.49,0.51,0.39
1,114376,205343,0,31,2,0.37,0.63,0.22
1,114376,114376,1,23,2,0.35,0.65,0.4
1,114376,114376,1,2,2,0.28,0.72,0.34
1,114376,114376,1,18,2,0.38,0.62,0.0
1,114376,114376,1,8,1,0.65,0.35,0.31
1,205343,114376,0,45,2,0.32,0.68,0.42
1,205343,205525,0,54,1,0.58,0.42,0.24
1,205526,114376,0,27,2,0.42,0.58,0.44
1,205526,205526,1,56,2,0.32,0.68,0.12
1,205526,205343,0,43,2,0.28,0.72,0.35
1,205526,114376,0,32,3,0.49,0.51,0.6
1,205526,205526,1,14,3,0.49,0.51,0.6
1,205526,205526,1,22,3,0.6,0.4,0.52
1,205526,205525,0,16,1,0.74,0.26,0.17
1,4340,205343,0,4,1,0.64,0.36,0.34
1,205343,205525,0,32,1,0.52,0.48,0.12
1,205343,205343,1,3,3,0.53,0.47,0.6
1,205343,205343,1,39,1,0.57,0.43,0.34
1,205343,75250,0,5,2,0.3,0.7,0.2
1,205343,75250,0,15,2,0.24,0.76,0.2
1,205343,75250,0,26,1,0.64,0.36,0.15
1,205343,205343,1,30,2,0.23,0.77,0.14
1,205343,205343,1,12,3,0.53,0.47,0.61
1,205343,205343,1,13,1,0.53,0.47,0.17
1,205343,205525,0,0,2,0.47,0.53,0.42
1,205343,205525,0,45,3,0.35,0.65,0.57
1,205343,205525,0,5,2,0.48,0.52,0.42
1,205343,205343,1,3,1,0.51,0.49,0.37
1,205525,205343,0,32,1,0.51,0.49,0.38
1,205525,205343,0,26,2,0.37,0.63,0.05
1,205525,205343,0,6,1,0.59,0.41,0.23
1,205525,205343,0,25,1,0.55,0.45,0.36
1,205525,205525,1,55,1,0.51,0.49,0.47
1,205525,205526,0,9,2,0.2,0.8,0.2
1,205525,205343,0,14,3,0.49,0.51,0.69
1,205525,205343,0,51,1,0.63,0.37,0.15
1,205319,205343,0,36,2,0.27,0.73,0.35
1,205525,205343,0,56,3,0.33,0.67,0.62
1,114376,205525,0,37,1,0.57,0.43,0.25
1,114376,75250,0,49,2,0.42,0.58,0.18
1,114376,114376,1,16,2,0.38,0.62,0.46
1,114376,114376,1,23,2,0.49,0.51,0.0
1,114376,205343,0,35,2,0.49,0.51,0.22
1,114376,205526,0,11,1,0.57,0.43,0.38
1,114376,205526,0,2,2,0.48,0.52,0.12
1,205526,205343,0,13,1,0.58,0.42,0.24
1,205526,205343,0,24,2,0.45,0.55,0.28
1,205526,205526,1,0,1,0.52,0.48,0.34
1,75250,205526,0,52,2,0.47,0.53,0.26
1,75250,75250,1,15,2,0.49,0.51,0.07
1,75250,205526,0,54,2,0.35,0.65,0.36
1,75250,75250,1,40,2,0.41,0.59,0.45
1,75250,205343,0,23,2,0.45,0.55,0.29
1,75250,205343,0,34,2,0.46,0.54,0.35
1,205525,205525,1,41,2,0.41,0.59,0.39
1,114376,205525,0,1,3,0.5,0.5,0.54
1,114376,114376,1,43,3,0.5,0.5,0.57
1,114376,205525,0,26,3,0.6,0.4,0.53
1,114376,205525,0,44,2,0.36,0.64,0.2
1,114376,114376,1,46,2,0.36,0.64,0.37
1,114376,114376,1,11,1,0.63,0.37,0.36
1,205343,205525,0,53,3,0.43,0.57,0.68
1,205343,205525,0,42,1,0.75,0.25,0.24
1,205343,205343,1,14,2,0.43,0.57,0.27
1,205343,114376,0,55,2,0.33,0.67,0.36
1,205343,205525,0,59,3,0.43,0.57,0.57
1,205343,205343,1,24,2,0.43,0.57,0.34
1,205343,205525,0,31,1,0.6,0.4,0.09
1,205343,205343,1,0,1,0.61,0.39,0.36
1,114376,25357,0,58,2,0.36,0.64,0.35
1,114376,25357,0,25,2,0.41,0.59,0.23
1,114376,114376,1,9,1,0.76,0.24,0.24
1,114376,205343,0,5,1,0.5,0.5,0.35
1,114376,205343,0,8,3,0.37,0.63,0.72
1,114376,114376,1,42,3,0.46,0.54,0.68
1,114376,205343,0,31,2,0.41,0.59,0.42
1,114376,205343,0,57,1,0.5,0.5,0.24
1,114376,205343,0,7,1,0.58,0.42,0.38
1,114376,205343,0,4,1,0.75,0.25,0.19
1,114376,205343,0,3,1,0.52,0.48,0.49
1,114376,205526,0,49,2,0.31,0.69,0.46
1,205526,205525,0,44,1,0.53,0.47,0.08
1,205526,205526,1,46,1,0.68,0.32,0.21
1,205526,205525,0,17,1,0.7,0.3,0.2
1,205526,205343,0,29,2,0.43,0.57,0.34
1,205526,205526,1,32,1,0.7,0.3,0.2
1,205526,205525,0,7,2,0.41,0.59,0.06
1,205526,205526,1,50,2,0.48,0.52,0.37
1,205526,205343,0,46,3,0.68,0.32,0.66
1,205525,75250,0,19,2,0.34,0.66,0.14
1,205525,205525,1,33,1,0.69,0.31,0.3
1,114376,75250,0,56,1,0.64,0.36,0.23
1,114376,114376,1,26,1,0.68,0.32,0.35
1,114376,114376,1,46,2,0.43,0.57,0.14
1,114376,75250,0,2,1,0.62,0.38,0.3
1,75250,75250,1,51,2,0.23,0.77,0.16
1,75250,75250,1,15,2,0.16,0.84,0.02
1,75250,75250,1,1,2,0.29,0.71,0.33
1,75250,205526,0,5,2,0.49,0.51,0.47
1,75250,75250,1,57,2,0.44,0.56,0.27
1,75250,205525,0,34,1,0.54,0.46,0.11
1,75250,205525,0,13,1,0.64,0.36,0.28
1,75250,205343,0,37,3,0.31,0.69,0.96
1,75250,25357,0,15,3,0.4,0.6,0.72
1,75250,75250,1,22,2,0.36,0.64,0.17
1,75250,75250,1,54,3,0.6,0.4,0.55
1,75250,75250,1,44,1,0.55,0.45,0.29
1,75250,75250,1,14,2,0.4,0.6,0.27
1,75250,205343,0,41,1,0.56,0.44,0.15
1,75250,75250,1,58,2,0.33,0.67,0.15
1,75250,75250,1,1,2,0.42,0.58,0.5
1,75250,75250,1,22,3,0.3,0.7,0.69
1,75250,205343,0,38,3,0.49,0.51,0.6
1,75250,205343,0,11,3,0.5,0.5,0.59
1,75250,75250,1,13,2,0.4,0.6,0.34
1,75250,75250,1,56,2,0.36,0.64,0.43
1,75250,75250,1,24,3,0.44,0.56,0.65
1,75250,75250,1,38,2,0.34,0.66,0.16
1,205343,114376,0,41,2,0.32,0.68,0.19
1,205343,114376,0,1,3,0.37,0.63,0.92
1,205343,205343,1,40,1,0.57,0.43,0.39
1,205343,205343,1,37,1,0.55,0.45,0.16
1,205343,205343,1,1,3,0.62,0.38,0.58
1,114376,205525,0,8,3,0.49,0.51,0.6
1,114376,205525,0,23,3,0.41,0.59,0.67
1,114376,114376,1,6,2,0.42,0.58,0.42
1,114376,205525,0,29,1,0.76,0.24,0.26
1,114376,205525,0,33,2,0.4,0.6,0.35
1,114376,205525,0,7,1,0.58,0.42,0.19
1,114376,205525,0,31,2,0.46,0.54,0.27
1,114376,114376,1,15,1,0.54,0.46,0.31
1,114376,205525,0,19,2,0.28,0.72,0.24
1,205343,205525,0,20,2,0.42,0.58,0.42
1,205343,114376,0,36,1,0.58,0.42,0.36
1,205343,114376,0,34,2,0.44,0.56,0.35
1,205343,114376,0,14,1,0.66,0.34,0.28
1,205343,205343,1,59,3,0.48,0.52,0.55
1,205343,205343,1,1,2,0.19,0.81,0.34
1,205343,114376,0,15,2,0.39,0.61,0.42
1,205343,114376,0,9,2,0.33,0.67,0.23
1,205343,114376,0,8,3,0.52,0.48,0.8
1,205343,114376,0,30,3,0.58,0.42,0.74
1,205343,205343,1,54,3,0.34,0.66,0.65
1,205343,114376,0,31,3,0.47,0.53,0.69
1,205343,205526,0,12,2,0.46,0.54,0.33
1,205343,114376,0,59,2,0.41,0.59,0.42
1,205343,75250,0,19,1,0.51,0.49,0.21
1,205343,75250,0,50,2,0.43,0.57,0.5
1,205343,205343,1,21,2,0.36,0.64,0.16
1,205343,205343,1,5,2,0.26,0.74,0.01
1,205343,205531,0,3,2,0.38,0.62,0.3
1,205343,205531,0,24,1,0.56,0.44,0.45
1,205343,205531,0,20,2,0.47,0.53,0.25
1,114376,114376,1,25,1,0.72,0.28,0.17
1,75250,205525,0,13,2,0.45,0.55,0.13
1,75250,205526,0,0,2,0.22,0.78,0.33
1,205526,205526,1,31,2,0.25,0.75,0.46
1,205526,75250,0,22,2,0.27,0.73,0.43
1,205526,205525,0,56,3,0.49,0.51,0.6
1,205526,205526,1,11,3,0.48,0.52,0.51
1,205526,205525,0,57,1,0.62,0.38,0.43
1,205526,205525,0,48,2,0.46,0.54,0.36
1,205526,205343,0,7,1,0.58,0.42,0.16
1,205526,205525,0,15,1,0.52,0.48,0.13
1,205526,205343,0,21,2,0.33,0.67,0.43
1,205526,205343,0,13,1,0.52,0.48,0.49
1,205526,205525,0,4,3,0.34,0.66,0.51
1,205526,205343,0,43,2,0.37,0.63,0.34
1,205526,205343,0,52,1,0.52,0.48,0.44
1,205526,205343,0,56,1,0.65,0.35,0.21
1,205526,205343,0,31,2,0.43,0.57,0.35
1,205526,205343,0,44,2,0.37,0.63,0.11
1,205526,75250,0,35,2,0.41,0.59,0.41
1,205526,75250,0,48,2,0.37,0.63,0.36
1,205526,205526,1,6,1,0.52,0.48,0.37
1,205526,205526,1,30,1,0.57,0.43,0.23
1,205526,205526,1,36,1,0.59,0.41,0.25
1,205526,205526,1,24,2,0.38,0.62,0.16
1,205526,205526,1,3,1,0.5,0.5,0.15
1,205526,205525,0,0,3,0.44,0.56,0.55
1,205526,205343,0,20,1,0.59,0.41,0.2
1,205526,205343,0,11,1,0.63,0.37,0.18
1,205526,205526,1,32,3,0.57,0.43,0.55
1,205526,205526,1,54,1,0.6,0.4,0.4
1,205525,205526,0,17,2,0.37,0.63,0.09
1,205343,205343,1,14,2,0.48,0.52,0.48
1,205343,114376,0,57,3,0.61,0.39,0.74
1,205343,114376,0,19,2,0.37,0.63,0.21
1,205343,114376,0,35,2,0.24,0.76,0.22
1,205343,114376,0,14,1,0.6,0.4,0.37
1,205343,205525,0,55,3,0.55,0.45,0.55
1,205343,114376,0,57,2,0.39,0.61,0.4
1,205343,205525,0,5,3,0.56,0.44,0.62
1,205343,205343,1,23,2,0.39,0.61,0.27
1,205343,205343,1,14,2,0.34,0.66,0.11
1,205343,205343,1,47,1,0.56,0.44,0.39
1,114376,205525,0,2,2,0.36,0.64,0.34
1,114376,205525,0,49,2,0.26,0.74,0.36
1,114376,114376,1,6,2,0.33,0.67,0.16
1,114376,205525,0,32,2,0.26,0.74,0.31
1,114376,205525,0,49,2,0.5,0.5,0.26
1,114376,205525,0,43,3,0.43,0.57,0.66
1,114376,205525,0,50,1,0.5,0.5,0.26
1,114376,205525,0,32,2,0.33,0.67,0.21
1,114376,114376,1,37,2,0.36,0.64,0.25
1,114376,114376,1,8,1,0.57,0.43,0.03
1,114376,205525,0,46,3,0.43,0.57,0.58
1,114376,114376,1,46,2,0.38,0.62,0.34
1,114376,114376,1,6,3,0.36,0.64,0.65
1,114376,114376,1,29,2,0.45,0.55,0.17
1,114376,205525,0,43,3,0.61,0.39,0.56
1,114376,205525,0,47,1,0.61,0.39,0.22
1,114376,205525,0,23,2,0.36,0.64,0.39
1,114376,205525,0,38,2,0.39,0.61,0.15
1,114376,114376,1,33,2,0.38,0.62,0.34
1,114376,205525,0,25,2,0.43,0.57,0.42
1,114376,205525,0,16,3,0.41,0.59,0.54
1,114376,205525,0,12,3,0.33,0.67,0.79
1,114376,205525,0,7,2,0.48,0.52,0.32
1,114376,122730,0,43,1,0.53,0.47,0.4
1,114376,114376,1,0,3,0.56,0.44,0.5
1,114376,114376,1,30,3,0.36,0.64,0.51
1,114376,114376,1,38,3,0.4,0.6,0.7
1,114376,205343,0,4,2,0.49,0.51,0.2
1,114376,205525,0,11,2,0.18,0.82,0.2
1,114376,114376,1,18,1,0.53,0.47,0.21
1,114376,114376,1,14,1,0.7,0.3,0.2
1,114376,205343,0,23,2,0.4,0.6,0.24
1,114376,114376,1,52,1,0.63,0.37,0.36
1,114376,205343,0,27,3,0.48,0.52,0.55
1,114376,114376,1,57,2,0.22,0.78,0.29
1,114376,205343,0,8,3,0.56,0.44,0.5
1,114376,114376,1,35,2,0.29,0.71,0.06
1,114376,205343,0,16,2,0.29,0.71,0.36
1,114376,205343,0,7,3,0.28,0.72,0.72
1,114376,114376,1,31,2,0.48,0.52,0.21
1,114376,205343,0,14,2,0.42,0.58,0.09
1,114376,205343,0,14,1,0.56,0.44,0.13
1,114376,205343,0,54,2,0.3,0.7,0.37
1,114376,205343,0,45,2,0.48,0.52,0.5
1,114376,114376,1,26,1,0.56,0.44,0.22
1,114376,205343,0,56,1,0.61,0.39,0.22
1,114376,114376,1,49,2,0.21,0.79,0.35
1,114376,205343,0,13,2,0.43,0.57,0.35
1,114376,205525,0,8,3,0.52,0.48,0.57
1,205343,75250,0,21,3,0.49,0.51,0.6
1,205343,205525,0,2,2,0.48,0.52,0.18
1,205343,205525,0,6,3,0.49,0.51,0.63
1,205343,205343,1,49,1,0.6,0.4,0.37
1,205343,205343,1,33,1,0.52,0.48,0.49
1,205343,205525,0,49,2,0.37,0.63,0.39
1,205343,205343,1,22,2,0.21,0.79,0.12
1,205343,205525,0,47,3,0.54,0.46,0.6
1,205343,205526,0,57,2,0.41,0.59,0.08
1,205343,205525,0,52,1,0.66,0.34,0.28
1,205343,205343,1,23,1,0.65,0.35,0.44
1,205343,75250,0,59,2,0.35,0.65,0.35
1,205343,205343,1,11,2,0.25,0.75,0.14
1,205343,205343,1,54,1,0.69,0.31,0.06
1,205343,205525,0,50,1,0.55,0.45,0.39
1,205343,205525,0,8,2,0.47,0.53,0.36
1,205343,205526,0,34,3,0.44,0.56,0.54
1,205343,75250,0,34,2,0.45,0.55,0.15
1,114376,205343,0,3,2,0.38,0.62,0.46
1,205525,114376,0,4,2,0.23,0.77,0.12
1,205525,114376,0,52,1,0.63,0.37,0.42
1,205525,205526,0,7,3,0.42,0.58,0.64
1,205525,205343,0,18,1,0.6,0.4,0.19
1,205525,205343,0,42,2,0.42,0.58,0.26
1,205525,205343,0,49,3,0.49,0.51,0.6
1,205525,205343,0,52,2,0.42,0.58,0.17
1,205525,75250,0,18,2,0.42,0.58,0.18
1,205525,75250,0,1,2,0.46,0.54,0.02
1,205525,205525,1,32,3,0.57,0.43,0.66
1,205525,205343,0,12,3,0.43,0.57,0.6
1,205525,205343,0,26,3,0.45,0.55,0.6
1,205525,205343,0,0,1,0.69,0.31,0.28
1,205525,205525,1,19,1,0.56,0.44,0.25
1,205531,205343,0,57,3,0.56,0.44,0.61
1,205531,205531,1,30,1,0.7,0.3,0.2
1,205531,205525,0,12,3,0.49,0.51,0.6
1,205531,205525,0,46,1,0.63,0.37,0.36
1,205531,75250,0,22,3,0.6,0.4,0.6
1,205531,205343,0,15,1,0.62,0.38,0.14
1,205525,205525,1,54,2,0.28,0.72,0.12
1,205525,205343,0,1,3,0.49,0.51,0.67
1,205525,205525,1,28,1,0.63,0.37,0.36
1,205525,75250,0,38,2,0.44,0.56,0.5
1,205525,205343,0,3,3,0.69,0.31,0.7
1,205525,205525,1,46,3,0.4,0.6,0.68
1,204885,205343,0,19,2,0.47,0.53,0.43
1,204885,75250,0,23,3,0.45,0.55,0.51
1,204885,75250,0,39,2,0.38,0.62,0.0
1,204885,205343,0,1,2,0.4,0.6,0.32
1,204885,75250,0,42,2,0.42,0.58,0.34
1,204885,75250,0,1,3,0.54,0.46,0.66
1,204885,75250,0,6,2,0.34,0.66,0.0
1,204885,204885,1,51,2,0.42,0.58,0.44
1,204885,75250,0,10,1,0.58,0.42,0.26
1,204885,204885,1,29,2,0.41,0.59,0.08
1,204885,204885,1,49,1,0.57,0.43,0.17
1,204885,205343,0,25,2,0.32,0.68,0.26
1,204885,205343,0,44,1,0.63,0.37,0.15
1,114376,114376,1,18,1,0.76,0.24,0.32
0,75250,205526,0,57,1,0.66,0.34,0.01
0,205525,75250,0,22,2,0.34,0.66,0.42
0,205525,75250,0,0,3,0.49,0.51,0.52
0,205525,75250,0,7,2,0.46,0.54,0.45
0,205525,25357,0,58,3,0.47,0.53,0.65
0,205525,25357,0,38,3,0.47,0.53,0.65
0,205525,205343,0,53,3,0.33,0.67,0.51
0,205525,205343,0,36,2,0.4,0.6,0.23
0,205525,205343,0,34,2,0.44,0.56,0.22
0,205525,205343,0,55,2,0.17,0.83,0.14
0,205525,205525,1,51,1,0.67,0.33,0.3
0,205525,205525,1,4,1,0.5,0.5,0.35
0,205525,205525,1,9,2,0.45,0.55,0.49
1,205525,25357,0,42,2,0.14,0.86,0.17
1,205525,75250,0,19,3,0.49,0.51,0.6
1,205525,75250,0,52,3,0.47,0.53,0.65
1,205525,75250,0,43,1,0.57,0.43,0.5
1,205525,75250,0,20,3,0.36,0.64,0.69
1,205525,205343,0,0,1,0.51,0.49,0.34
1,205525,205343,0,8,1,0.53,0.47,0.31
1,205525,205343,0,17,2,0.39,0.61,0.46
1,205525,205343,0,34,1,0.59,0.41,0.15
1,205525,205343,0,42,3,0.48,0.52,0.8
1,205525,205525,1,11,2,0.3,0.7,0.28
1,205525,205343,0,12,2,0.39,0.61,0.38
1,205525,205525,1,10,2,0.35,0.65,0.05
1,205525,205525,1,57,1,0.65,0.35,0.19
1,205525,75250,0,7,2,0.32,0.68,0.23
1,205525,75250,0,36,2,0.17,0.83,0.09
1,205525,75250,0,9,2,0.39,0.61,0.11
1,205525,205343,0,57,2,0.32,0.68,0.35
1,205525,205525,1,42,1,0.51,0.49,0.2
1,205525,205525,1,50,1,0.63,0.37,0.19
1,205525,205525,1,48,1,0.55,0.45,0.19
1,205525,205525,1,59,2,0.33,0.67,0.48
1,205525,75250,0,22,2,0.49,0.51,0.4
1,205525,205343,0,6,3,0.49,0.51,0.6
1,205525,205343,0,52,2,0.46,0.54,0.12
1,205525,205525,1,13,3,0.71,0.29,0.71
1,205526,205526,1,7,1,0.6,0.4,0.16
1,205526,205525,0,18,3,0.52,0.48,0.68
1,205526,205526,1,53,3,0.53,0.47,0.68
1,205526,205525,0,20,3,0.53,0.47,0.67
1,205526,205525,0,20,1,0.56,0.44,0.15
1,205526,205526,1,4,1,0.57,0.43,0.23
1,205526,205525,0,2,2,0.42,0.58,0.0
1,205526,205525,0,48,2,0.44,0.56,0.07
1,205526,205526,1,49,1,0.57,0.43,0.23
1,205526,205525,0,51,2,0.44,0.56,0.36
1,205526,205343,0,40,1,0.63,0.37,0.17
1,205526,205343,0,54,2,0.31,0.69,0.48
1,205526,205526,1,35,2,0.19,0.81,0.05
1,205526,114376,0,51,3,0.48,0.52,0.6
1,205525,205525,1,31,1,0.61,0.39,0.33
1,205343,75250,0,8,1,0.51,0.49,0.36
1,205343,75250,0,59,3,0.54,0.46,0.78
1,205343,75250,0,54,3,0.37,0.63,0.5
1,205343,75250,0,1,2,0.45,0.55,0.15
1,205343,205525,0,1,2,0.44,0.56,0.3
1,205343,205525,0,30,3,0.54,0.46,0.57
1,205343,205525,0,36,3,0.24,0.76,0.6
1,205343,205525,0,54,3,0.48,0.52,0.76
1,205343,205525,0,32,3,0.4,0.6,0.51
1,205343,205525,0,53,1,0.52,0.48,0.18
1,205343,205525,0,8,1,0.66,0.34,0.22
1,205343,205525,0,51,3,0.5,0.5,0.79
1,205343,205343,1,16,2,0.37,0.63,0.5
1,205343,205343,1,24,2,0.28,0.72,0.33
1,205343,205343,1,35,2,0.37,0.63,0.5
1,205343,205343,1,53,1,0.54,0.46,0.26
1,205343,205343,1,37,1,0.53,0.47,0.44
1,205343,205343,1,31,2,0.45,0.55,0.24
1,205343,205343,1,24,3,0.61,0.39,0.54
1,205343,205343,1,50,2,0.28,0.72,0.33
1,205343,205343,1,49,2,0.45,0.55,0.16
1,205343,75250,0,15,2,0.33,0.67,0.37
1,205343,205343,1,1,2,0.47,0.53,0.18
1,205343,205525,0,31,2,0.42,0.58,0.36
1,205343,75250,0,1,2,0.46,0.54,0.46
1,205343,205343,1,50,2,0.35,0.65,0.35
1,205343,205375,0,18,1,0.57,0.43,0.34
1,205343,75250,0,58,3,0.45,0.55,0.65
1,205343,205343,1,24,3,0.53,0.47,0.55
1,205343,205343,1,53,3,0.54,0.46,0.78
1,205343,186401,0,48,2,0.36,0.64,0.13
1,205343,205343,1,26,2,0.34,0.66,0.34
1,205343,205343,1,36,3,0.41,0.59,0.74
1,205343,114376,0,17,1,0.83,0.17,0.46
1,75250,75250,1,15,2,0.33,0.67,0.48
1,75250,205525,0,1,1,0.67,0.33,0.19
1,75250,75250,1,44,3,0.49,0.51,0.56
1,75250,205525,0,26,2,0.4,0.6,0.34
1,75250,205525,0,0,2,0.34,0.66,0.34
1,75250,75250,1,51,2,0.38,0.62,0.23
1,75250,75250,1,20,3,0.49,0.51,0.52
1,75250,205525,0,16,2,0.36,0.64,0.21
1,75250,205525,0,38,3,0.57,0.43,0.59
1,75250,75250,1,14,2,0.32,0.68,0.14
1,75250,205525,0,1,1,0.78,0.22,0.26
0,75250,205343,0,18,2,0.27,0.73,0.16
0,75250,75250,1,56,1,0.53,0.47,0.34
0,75250,75250,1,10,2,0.38,0.62,0.02
1,75250,205525,0,2,1,0.62,0.38,0.47
1,75250,205525,0,42,3,0.52,0.48,0.73
1,75250,75250,1,7,1,0.6,0.4,0.2
1,75250,75250,1,25,2,0.34,0.66,0.0
1,75250,205525,0,42,2,0.4,0.6,0.38
1,75250,205525,0,44,2,0.46,0.54,0.34
1,75250,75250,1,13,2,0.31,0.69,0.37
1,75250,75250,1,4,3,0.49,0.51,0.6
1,75250,205525,0,47,1,0.64,0.36,0.26
1,75250,205525,0,50,2,0.38,0.62,0.17
1,75250,205526,0,3,2,0.29,0.71,0.22
1,75250,75250,1,44,3,0.28,0.72,0.69
1,75250,205525,0,59,2,0.37,0.63,0.5
1,75250,75250,1,22,3,0.49,0.51,0.6
1,75250,75250,1,7,3,0.36,0.64,0.7
1,75250,205525,0,28,1,0.65,0.35,0.35
1,75250,205525,0,43,3,0.51,0.49,0.56
1,75250,205525,0,44,2,0.35,0.65,0.24
1,75250,205525,0,36,3,0.35,0.65,0.57
1,114376,205525,0,57,1,0.68,0.32,0.22
1,114376,114376,1,57,2,0.44,0.56,0.34
1,114376,75250,0,34,1,0.66,0.34,0.2
1,114376,75250,0,28,2,0.45,0.55,0.15
1,114376,75250,0,52,3,0.56,0.44,0.73
1,114376,205525,0,27,2,0.31,0.69,0.42
1,114376,114376,1,57,1,0.69,0.31,0.33
1,114376,205343,0,6,2,0.45,0.55,0.37
1,114376,205343,0,0,1,0.55,0.45,0.35
1,114376,114376,1,18,1,0.64,0.36,0.37
1,205525,75250,0,17,1,0.55,0.45,0.49
1,205525,75250,0,0,2,0.27,0.73,0.43
1,205525,205525,1,52,1,0.52,0.48,0.21
1,205525,75250,0,38,3,0.51,0.49,0.88
1,205525,205525,1,0,2,0.3,0.7,0.27
1,205525,75250,0,17,3,0.49,0.51,0.6
1,205525,205525,1,14,1,0.61,0.39,0.37
1,205525,75250,0,19,2,0.14,0.86,0.06
1,205525,75250,0,38,3,0.48,0.52,0.57
1,205525,205525,1,36,3,0.59,0.41,0.51
1,205525,75250,0,44,3,0.49,0.51,0.6
1,205525,205343,0,35,1,0.54,0.46,0.45
1,205525,205343,0,53,2,0.36,0.64,0.38
1,205525,205525,1,38,1,0.63,0.37,0.36
1,205525,205343,0,18,1,0.52,0.48,0.48
1,205525,205343,0,49,3,0.51,0.49,0.52
1,205525,205525,1,22,1,0.54,0.46,0.45
1,205343,75250,0,12,3,0.42,0.58,0.6
1,205343,205343,1,21,2,0.25,0.75,0.07
1,205343,75250,0,24,2,0.48,0.52,0.41
1,205343,205343,1,30,2,0.39,0.61,0.43
1,205526,205525,0,28,2,0.27,0.73,0.26
1,205526,205526,1,39,1,0.58,0.42,0.43
1,205526,205526,1,54,2,0.45,0.55,0.21
1,205526,114376,0,17,2,0.43,0.57,0.28
1,205526,114376,0,19,1,0.65,0.35,0.29
1,205526,205343,0,24,2,0.2,0.8,0.47
1,205526,75250,0,11,2,0.44,0.56,0.26
1,205526,75250,0,32,3,0.48,0.52,0.66
1,205526,75250,0,38,3,0.51,0.49,0.65
1,205526,205526,1,38,1,0.52,0.48,0.49
1,205526,205526,1,54,2,0.23,0.77,0.29
1,205526,205525,0,17,1,0.65,0.35,0.19
1,205526,205526,1,57,1,0.51,0.49,0.22
1,76090,205343,0,30,2,0.45,0.55,0.19
1,76090,205343,0,46,3,0.46,0.54,0.61
1,76090,205525,0,3,3,0.35,0.65,0.63
1,76090,205525,0,27,2,0.41,0.59,0.38
1,76090,76090,1,31,1,0.62,0.38,0.11
1,205526,75250,0,44,3,0.39,0.61,0.66
1,205526,205526,1,24,2,0.31,0.69,0.45
1,205526,75250,0,27,2,0.35,0.65,0.36
1,205526,205525,0,50,1,0.74,0.26,0.4
1,205526,205525,0,28,2,0.28,0.72,0.14
1,205526,114376,0,12,1,0.59,0.41,0.48
1,205526,114376,0,24,1,0.65,0.35,0.39
1,205526,114376,0,44,2,0.48,0.52,0.44
1,205526,205526,1,21,1,0.67,0.33,0.4
1,205526,205526,1,5,2,0.26,0.74,0.38
1,205526,205526,1,42,3,0.38,0.62,0.51
1,205526,114376,0,56,1,0.65,0.35,0.18
1,205526,75250,0,47,3,0.48,0.52,0.59
1,205526,205526,1,45,3,0.66,0.34,0.57
1,205526,205526,1,6,1,0.7,0.3,0.28
1,205526,205525,0,29,3,0.49,0.51,0.6
1,205526,205343,0,27,3,0.42,0.58,0.61
1,205526,205343,0,46,2,0.22,0.78,0.18
1,205526,205526,1,50,2,0.21,0.79,0.01
0,76090,114376,0,7,1,0.56,0.44,0.34
0,76090,76090,1,5,2,0.41,0.59,0.3
0,76090,205525,0,12,2,0.34,0.66,0.36
0,76090,205525,0,24,1,0.65,0.35,0.34
0,76090,205525,0,53,1,0.54,0.46,0.18
0,76090,114376,0,45,2,0.42,0.58,0.34
1,205343,205526,0,9,1,0.8,0.2,0.17
1,205526,205343,0,15,3,0.49,0.51,0.6
1,205525,205343,0,10,2,0.5,0.5,0.4
1,205525,25357,0,23,2,0.5,0.5,0.35
1,205525,205334,0,34,1,0.74,0.26,0.0
1,205525,205525,1,8,3,0.53,0.47,0.66
1,205525,205334,0,48,2,0.21,0.79,0.27
1,205525,205334,0,3,2,0.2,0.8,0.18
1,205525,205525,1,19,1,0.62,0.38,0.2
1,205525,75250,0,54,1,0.58,0.42,0.33
1,205525,205343,0,33,1,0.51,0.49,0.48
1,205525,205525,1,49,1,0.57,0.43,0.23
1,205525,205525,1,22,2,0.44,0.56,0.35
1,205525,75250,0,26,2,0.31,0.69,0.28
1,205343,75250,0,23,3,0.52,0.48,0.6
1,205343,205525,0,58,3,0.65,0.35,0.81
1,205343,205525,0,28,1,0.63,0.37,0.02
1,114376,75250,0,10,1,0.52,0.48,0.37
1,114376,114376,1,58,3,0.33,0.67,0.7
1,114376,114376,1,5,1,0.66,0.34,0.47
1,114376,205525,0,41,2,0.47,0.53,0.2
1,114376,205525,0,50,3,0.49,0.51,0.63
1,114376,205525,0,12,3,0.49,0.51,0.6
1,114376,114376,1,16,1,0.58,0.42,0.34
1,114376,205525,0,22,1,0.75,0.25,0.26
1,114376,75250,0,21,2,0.33,0.67,0.2
1,114376,75250,0,27,1,0.69,0.31,0.06
1,114376,114376,1,12,1,0.7,0.3,0.18
1,114376,75250,0,2,2,0.41,0.59,0.17
1,114376,114376,1,1,3,0.4,0.6,0.63
1,114376,114376,1,34,3,0.38,0.62,0.61
1,114376,114376,1,9,2,0.36,0.64,0.28
1,114376,205343,0,39,3,0.5,0.5,0.61
1,114376,205343,0,54,1,0.58,0.42,0.09
1,114376,114376,1,56,3,0.35,0.65,0.59
1,114376,205343,0,7,1,0.52,0.48,0.49
1,114376,205343,0,3,2,0.42,0.58,0.32
1,75250,205525,0,39,2,0.31,0.69,0.43
1,205525,205525,1,40,1,0.66,0.34,0.37
1,205525,75250,0,50,2,0.4,0.6,0.39
1,205525,75250,0,3,3,0.51,0.49,0.83
1,205525,75250,0,7,1,0.64,0.36,0.25
1,205525,205525,1,3,1,0.86,0.14,0.15
1,205525,205525,1,53,1,0.57,0.43,0.23
1,205525,205526,0,20,1,0.71,0.29,0.48
1,205525,205525,1,27,2,0.29,0.71,0.28
1,205525,205343,0,42,2,0.4,0.6,0.28
1,205525,114376,0,8,1,0.54,0.46,0.37
0,114376,75250,0,54,3,0.32,0.68,0.51
0,114376,75250,0,36,2,0.34,0.66,0.5
0,114376,75250,0,4,2,0.42,0.58,0.22
0,114376,75250,0,27,3,0.42,0.58,0.69
0,114376,205343,0,57,2,0.43,0.57,0.24
1,114376,205526,0,53,2,0.3,0.7,0.0
1,114376,205343,0,52,2,0.45,0.55,0.34
1,114376,205343,0,48,2,0.33,0.67,0.19
1,114376,75250,0,53,2,0.39,0.61,0.4
1,114376,75250,0,28,2,0.32,0.68,0.44
1,114376,75250,0,21,1,0.56,0.44,0.49
1,114376,114376,1,57,2,0.49,0.51,0.39
1,114376,114376,1,53,2,0.38,0.62,0.2
1,114376,75250,0,54,2,0.38,0.62,0.42
1,114376,75250,0,14,1,0.51,0.49,0.35
1,114376,76090,0,37,2,0.23,0.77,0.18
1,114376,76090,0,22,1,0.59,0.41,0.44
1,114376,114376,1,48,1,0.59,0.41,0.34
1,114376,114376,1,29,1,0.5,0.5,0.35
1,114376,114376,1,24,2,0.39,0.61,0.28
1,205526,205526,1,56,2,0.36,0.64,0.25
1,205526,75250,0,26,3,0.49,0.51,0.6
1,205526,114376,0,20,2,0.25,0.75,0.07
1,205526,205525,0,39,2,0.25,0.75,0.37
1,114376,205343,0,24,2,0.47,0.53,0.39
1,114376,205343,0,26,2,0.22,0.78,0.3
1,205526,205343,0,53,1,0.62,0.38,0.14
1,205343,205525,0,54,2,0.45,0.55,0.49
1,205343,205525,0,24,2,0.38,0.62,0.37
1,205526,75250,0,20,2,0.47,0.53,0.47
1,205525,114376,0,6,2,0.48,0.52,0.33
1,205525,114376,0,20,2,0.26,0.74,0.15
1,205526,114376,0,14,1,0.6,0.4,0.34
1,76090,75250,0,16,1,0.62,0.38,0.23
0,201082,205525,0,12,2,0.48,0.52,0.39
1,205526,205525,0,29,2,0.33,0.67,0.08
1,205526,205525,0,46,2,0.4,0.6,0.17
1,205525,75250,0,23,2,0.32,0.68,0.32
1,205525,75250,0,40,3,0.34,0.66,0.67
1,205525,75250,0,39,3,0.42,0.58,0.68
1,205525,205526,0,24,2,0.22,0.78,0.24
1,205525,205525,1,47,1,0.63,0.37,0.36
1,205525,205525,1,18,1,0.52,0.48,0.02
1,205525,205525,1,31,1,0.67,0.33,0.4
1,76090,205525,0,36,2,0.37,0.63,0.48
1,76090,76090,1,40,2,0.28,0.72,0.17
1,76090,205525,0,0,1,0.75,0.25,0.32
1,114376,114376,1,26,2,0.22,0.78,0.25
1,114376,114376,1,52,3,0.5,0.5,0.7
1,76090,76090,1,38,3,0.38,0.62,0.88
1,76090,205525,0,1,1,0.61,0.39,0.45
1,205525,75250,0,10,1,0.69,0.31,0.35
1,205525,75250,0,30,2,0.28,0.72,0.41
1,205525,205525,1,38,1,0.64,0.36,0.17
1,205525,75250,0,58,2,0.32,0.68,0.21
1,205525,205525,1,2,3,0.58,0.42,0.77
1,76090,76090,1,23,3,0.54,0.46,0.55
1,75250,181475,0,23,3,0.69,0.31,0.79
1,205526,205525,0,40,2,0.3,0.7,0.11
1,205525,75250,0,47,2,0.36,0.64,0.39
1,205525,205525,1,36,1,0.52,0.48,0.34
1,205525,75250,0,12,3,0.36,0.64,0.52
1,205525,205525,1,46,2,0.42,0.58,0.21
1,205525,205526,0,16,1,0.62,0.38,0.19
1,205525,205526,0,53,2,0.17,0.83,0.21
1,205525,205343,0,28,2,0.41,0.59,0.33
1,205525,205343,0,27,1,0.71,0.29,0.32
0,205396,205396,1,26,2,0.42,0.58,0.27
0,205396,205396,1,23,2,0.48,0.52,0.41
1,205526,75250,0,12,3,0.47,0.53,0.74
1,205526,205526,1,43,2,0.21,0.79,0.0
1,205526,205526,1,20,2,0.33,0.67,0.13
1,205526,205526,1,9,3,0.29,0.71,0.53
1,205343,75250,0,35,2,0.29,0.71,0.33
1,205343,76090,0,47,3,0.46,0.54,0.75
1,205343,205343,1,47,2,0.28,0.72,0.22
1,205343,205343,1,21,1,0.52,0.48,0.32
1,114376,75250,0,17,3,0.7,0.3,0.69
1,114376,75250,0,51,3,0.48,0.52,0.51
1,114376,75250,0,41,2,0.27,0.73,0.27
1,114376,75250,0,24,1,0.65,0.35,0.2
1,114376,75250,0,52,3,0.46,0.54,0.69
1,114376,75250,0,25,3,0.49,0.51,0.71
1,114376,75250,0,46,3,0.32,0.68,0.74
1,114376,75250,0,36,3,0.56,0.44,0.62
1,114376,75250,0,13,2,0.43,0.57,0.33
1,114376,114376,1,58,2,0.3,0.7,0.01
1,114376,75250,0,41,2,0.37,0.63,0.4
1,114376,205343,0,51,2,0.34,0.66,0.2
1,114376,75250,0,1,2,0.48,0.52,0.21
1,114376,205343,0,15,3,0.48,0.52,0.7
1,114376,205343,0,10,1,0.6,0.4,0.26
1,114376,205525,0,18,3,0.56,0.44,0.54
1,114376,205525,0,6,3,0.43,0.57,0.65
1,114376,205525,0,43,2,0.28,0.72,0.17
1,114376,205525,0,34,2,0.47,0.53,0.42
1,114376,75250,0,53,2,0.37,0.63,0.25
1,114376,75250,0,28,3,0.38,0.62,0.56
1,114376,75250,0,40,2,0.35,0.65,0.35
1,114376,75250,0,27,3,0.5,0.5,0.84
1,114376,205343,0,13,1,0.55,0.45,0.25
1,114376,205343,0,43,2,0.27,0.73,0.05
1,114376,205525,0,42,2,0.42,0.58,0.25
1,114376,75250,0,13,1,0.7,0.3,0.18
1,114376,75250,0,1,1,0.72,0.28,0.02
1,114376,75250,0,1,3,0.49,0.51,0.6
1,114376,75250,0,56,2,0.48,0.52,0.36
1,114376,75250,0,16,2,0.39,0.61,0.46
1,114376,205343,0,44,2,0.46,0.54,0.4
1,114376,205343,0,55,2,0.4,0.6,0.31
1,114376,204885,0,46,3,0.45,0.55,0.5
1,114376,205343,0,15,2,0.27,0.73,0.2
1,114376,114376,1,26,2,0.12,0.88,0.25
1,205525,75250,0,58,3,0.49,0.51,0.53
1,205525,114376,0,44,1,0.55,0.45,0.22
1,205525,75250,0,49,2,0.41,0.59,0.38
1,205525,114376,0,16,2,0.48,0.52,0.1
1,205525,114376,0,36,2,0.31,0.69,0.34
1,205525,76090,0,0,3,0.68,0.32,0.57
1,205525,205525,1,27,1,0.67,0.33,0.4
1,205525,205525,1,8,3,0.49,0.51,0.69
1,205525,114376,0,41,1,0.64,0.36,0.23
1,205525,205526,0,36,3,0.49,0.51,0.6
1,205525,205525,1,9,1,0.6,0.4,0.41
1,205343,75250,0,26,3,0.52,0.48,0.81
1,205343,75250,0,41,3,0.47,0.53,0.59
1,205343,75250,0,11,2,0.3,0.7,0.21
1,205343,205343,1,59,1,0.76,0.24,0.27
1,205343,205343,1,41,1,0.67,0.33,0.5
1,205343,205343,1,24,3,0.4,0.6,0.8
1,205343,205526,0,47,2,0.37,0.63,0.2
1,76090,205525,0,9,2,0.18,0.82,0.34
1,76090,205525,0,53,3,0.62,0.38,0.86
1,76090,205525,0,39,1,0.54,0.46,0.16
1,205526,205525,0,14,2,0.38,0.62,0.17
1,205526,205525,0,21,1,0.64,0.36,0.28
1,205526,205526,1,12,2,0.18,0.82,0.25
1,205526,205526,1,13,2,0.32,0.68,0.23
1,205526,205526,1,52,2,0.27,0.73,0.27
1,205526,205525,0,8,1,0.56,0.44,0.2
1,205526,205343,0,47,1,0.73,0.27,0.07
1,205526,205343,0,34,2,0.31,0.69,0.35
1,205526,205343,0,50,2,0.38,0.62,0.26
1,205526,205525,0,28,1,0.52,0.48,0.49
1,114376,114376,1,55,3,0.56,0.44,0.52
1,114376,114376,1,31,1,0.59,0.41,0.49
1,205343,205526,0,7,1,0.69,0.31,0.25
1,205343,205526,0,13,2,0.36,0.64,0.23
1,205343,205526,0,0,2,0.41,0.59,0.16
0,204885,75250,0,20,2,0.1,0.9,0.12
0,204885,205343,0,24,1,0.57,0.43,0.25
1,205343,205525,0,17,1,0.5,0.5,0.48
0,205403,205343,0,57,1,0.53,0.47,0.44
1,75250,114376,0,42,2,0.48,0.52,0.31
1,75250,114376,0,19,1,0.55,0.45,0.34
1,75250,75250,1,6,2,0.37,0.63,0.1
1,205399,75250,0,2,1,0.67,0.33,0.36
1,205399,75250,0,18,2,0.37,0.63,0.04
1,75250,205525,0,7,3,0.3,0.7,0.71
1,75250,75250,1,47,2,0.49,0.51,0.38
1,205403,205525,0,49,3,0.59,0.41,0.62
1,114376,114376,1,2,3,0.56,0.44,0.78
1,114376,114376,1,29,3,0.53,0.47,0.67
0,114376,114376,1,55,1,0.7,0.3,0.41
0,114376,114376,1,1,1,0.85,0.15,0.05
0,114376,114376,1,1,3,0.73,0.27,0.82
0,205343,75250,0,31,3,0.47,0.53,0.65
0,205343,205525,0,18,2,0.27,0.73,0.38
1,205525,114376,0,59,2,0.37,0.63,0.5
1,205525,75250,0,47,3,0.46,0.54,0.81
1,205525,75250,0,59,2,0.48,0.52,0.28
1,205525,114376,0,17,2,0.31,0.69,0.34
1,205525,205525,1,10,1,0.56,0.44,0.37
1,114376,75250,0,24,3,0.48,0.52,0.6
1,205525,205525,1,55,2,0.5,0.5,0.21
1,114376,205525,0,35,1,0.54,0.46,0.25
1,114376,205343,0,36,1,0.51,0.49,0.45
1,114376,114376,1,20,1,0.63,0.37,0.3
1,205343,205525,0,13,2,0.38,0.62,0.43
1,205343,205343,1,13,2,0.33,0.67,0.24
1,205343,205525,0,56,1,0.53,0.47,0.24
1,114376,75250,0,33,2,0.38,0.62,0.35
1,114376,205525,0,0,2,0.46,0.54,0.35
1,114376,205525,0,30,1,0.6,0.4,0.18
1,114376,75250,0,44,3,0.49,0.51,0.83
1,205525,205525,1,25,3,0.75,0.25,0.86
1,205396,205525,0,23,3,0.36,0.64,0.58
1,205396,205525,0,43,2,0.23,0.77,0.46
1,205396,205343,0,57,2,0.48,0.52,0.39
0,25357,75250,0,55,1,0.73,0.27,0.14
1,75250,75250,1,51,1,0.57,0.43,0.43
1,75250,114376,0,32,1,0.54,0.46,0.36
1,75250,75250,1,30,3,0.76,0.24,0.66
1,205526,205343,0,29,2,0.5,0.5,0.32
1,205526,205526,1,43,1,0.58,0.42,0.17
1,205526,75250,0,51,1,0.66,0.34,0.35
1,205526,75250,0,23,1,0.56,0.44,0.38
1,205526,75250,0,32,1,0.67,0.33,0.36
1,205343,205525,0,29,3,0.53,0.47,0.68
1,114376,75250,0,48,1,0.6,0.4,0.47
1,114376,114376,1,53,3,0.29,0.71,0.91
1,75250,205525,0,3,3,0.36,0.64,0.7
1,205526,75250,0,30,2,0.41,0.59,0.48
1,205526,75250,0,3,1,0.72,0.28,0.29
1,205526,205525,0,49,2,0.27,0.73,0.15
1,205526,205526,1,52,3,0.53,0.47,0.74
1,205526,75250,0,32,1,0.53,0.47,0.1
1,205526,205526,1,38,2,0.43,0.57,0.37
1,75250,205343,0,6,1,0.54,0.46,0.16
1,75250,205525,0,23,2,0.44,0.56,0.41
1,75250,205525,0,2,1,0.66,0.34,0.28
1,205343,75250,0,48,1,0.6,0.4,0.18
1,205343,75250,0,51,3,0.29,0.71,0.52
1,205343,75250,0,32,2,0.46,0.54,0.41
1,205343,75250,0,7,3,0.45,0.55,0.53
1,205343,75250,0,7,3,0.56,0.44,0.58
1,205343,75250,0,41,3,0.64,0.36,0.53
1,205343,75250,0,45,3,0.49,0.51,0.6
1,205343,75250,0,24,1,0.61,0.39,0.42
1,205343,75250,0,11,2,0.31,0.69,0.34
1,205343,75250,0,1,1,0.53,0.47,0.17
1,205343,205525,0,36,2,0.36,0.64,0.38
1,205343,205526,0,13,2,0.35,0.65,0.15
1,205343,205526,0,51,2,0.36,0.64,0.26
1,205343,114376,0,12,3,0.29,0.71,0.51
1,205343,205343,1,31,1,0.68,0.32,0.3
1,205343,205343,1,56,1,0.69,0.31,0.18
1,205343,205343,1,14,3,0.69,0.31,0.51
1,205343,205343,1,19,1,0.51,0.49,0.16
1,205343,205343,1,12,1,0.69,0.31,0.18
1,205343,205343,1,50,1,0.63,0.37,0.36
1,205343,205343,1,14,1,0.58,0.42,0.49
1,205343,205343,1,13,1,0.54,0.46,0.37
1,205343,205343,1,53,2,0.46,0.54,0.37
1,205343,205525,0,39,2,0.43,0.57,0.18
1,205343,205525,0,31,2,0.45,0.55,0.26
1,205343,205343,1,36,1,0.67,0.33,0.28
1,205343,22064,0,9,2,0.49,0.51,0.12
1,75250,205525,0,55,2,0.37,0.63,0.41
1,75250,205525,0,10,2,0.29,0.71,0.08
1,75250,205525,0,56,1,0.58,0.42,0.14
1,75250,205343,0,55,1,0.55,0.45,0.18
1,205343,75250,0,28,3,0.49,0.51,0.6
1,205343,75250,0,24,3,0.3,0.7,0.52
1,205526,205525,0,28,1,0.54,0.46,0.48
1,205526,205526,1,30,3,0.54,0.46,0.52
1,205525,75250,0,25,1,0.53,0.47,0.26
1,205525,205343,0,25,2,0.46,0.54,0.37
1,205525,205343,0,16,1,0.52,0.48,0.48
1,205525,205525,1,55,1,0.7,0.3,0.07
1,205525,205525,1,25,2,0.31,0.69,0.26
1,205525,205343,0,22,3,0.19,0.81,0.5
1,205525,205526,0,29,2,0.32,0.68,0.31
1,205525,205343,0,48,1,0.67,0.33,0.21
1,205525,205525,1,24,1,0.65,0.35,0.23
1,205525,205525,1,0,2,0.29,0.71,0.44
1,75250,205343,0,58,1,0.65,0.35,0.08
1,75250,75250,1,4,3,0.49,0.51,0.68
0,205320,75250,0,38,3,0.43,0.57,0.56
0,205320,75250,0,39,3,0.53,0.47,0.66
0,205320,205320,1,5,3,0.3,0.7,0.81
0,205320,205320,1,21,3,0.44,0.56,0.96
0,205320,205320,1,46,3,0.41,0.59,0.91
1,205525,75250,0,55,3,0.56,0.44,0.71
1,205525,75250,0,16,1,0.61,0.39,0.48
1,205525,205525,1,24,1,0.54,0.46,0.34
1,205525,75250,0,39,3,0.66,0.34,0.78
1,205525,205525,1,42,2,0.33,0.67,0.5
1,205525,205343,0,6,2,0.39,0.61,0.38
1,75250,114376,0,19,3,0.51,0.49,0.82
1,75250,205526,0,16,1,0.52,0.48,0.08
1,75250,205526,0,29,1,0.61,0.39,0.2
1,205525,75250,0,16,2,0.45,0.55,0.45
0,201082,75250,0,53,2,0.42,0.58,0.29
0,201082,75250,0,9,2,0.47,0.53,0.03
0,201082,75250,0,31,2,0.36,0.64,0.48
0,201082,201082,1,54,2,0.2,0.8,0.19
0,201082,201082,1,50,2,0.4,0.6,0.07
0,201082,75250,0,2,2,0.4,0.6,0.37
0,201082,75250,0,12,2,0.4,0.6,0.46
0,201082,201082,1,45,1,0.53,0.47,0.14
0,201082,201082,1,39,1,0.56,0.44,0.48
0,201082,205525,0,51,2,0.25,0.75,0.2
0,201082,205525,0,5,2,0.23,0.77,0.01
1,205343,75250,0,10,3,0.49,0.51,0.6
1,205343,205525,0,21,3,0.62,0.38,0.6
1,205343,75250,0,51,1,0.68,0.32,0.3
1,205343,205343,1,11,2,0.26,0.74,0.24
1,205343,114376,0,59,2,0.49,0.51,0.35
1,205525,205525,1,27,1,0.51,0.49,0.34
1,205526,75250,0,50,3,0.44,0.56,0.53
1,205526,75250,0,59,1,0.68,0.32,0.37
1,205525,205525,1,14,2,0.44,0.56,0.23
1,205526,205525,0,7,2,0.44,0.56,0.14
1,205526,75250,0,29,3,0.42,0.58,0.77
1,205526,205526,1,43,2,0.46,0.54,0.02
1,205526,75250,0,49,2,0.38,0.62,0.14
1,205526,75250,0,2,1,0.73,0.27,0.14
1,76090,76090,1,14,2,0.37,0.63,0.17
1,205343,205525,0,47,3,0.42,0.58,0.6
1,205343,114376,0,41,3,0.16,0.84,0.83
1,205525,205526,0,9,3,0.44,0.56,0.84
1,205525,114376,0,10,3,0.23,0.77,0.53
1,205525,205525,1,20,2,0.45,0.55,0.24
1,205525,205525,1,55,2,0.19,0.81,0.14
1,205525,205343,0,13,2,0.31,0.69,0.39
1,75250,205525,0,34,3,0.5,0.5,0.76
1,75250,75250,1,22,2,0.3,0.7,0.34
1,75250,205525,0,25,1,0.65,0.35,0.39
1,75250,114376,0,28,3,0.31,0.69,0.57
1,75250,205343,0,18,3,0.34,0.66,0.61
1,75250,205343,0,35,2,0.15,0.85,0.05
1,75250,205525,0,10,1,0.51,0.49,0.08
1,75250,75250,1,6,2,0.5,0.5,0.46
1,75250,205343,0,40,1,0.71,0.29,0.02
1,75250,205343,0,59,1,0.71,0.29,0.18
1,205343,75250,0,53,3,0.33,0.67,0.52
1,205343,205343,1,13,2,0.49,0.51,0.48
1,205343,205525,0,2,2,0.38,0.62,0.26
1,205343,205343,1,58,2,0.33,0.67,0.2
1,75250,114376,0,40,1,0.62,0.38,0.11
1,205299,205526,0,26,3,0.36,0.64,0.58
0,116088,75250,0,25,3,0.47,0.53,0.5
0,116088,75250,0,46,1,0.66,0.34,0.37
0,116088,116088,1,24,3,0.31,0.69,0.77
0,116088,205343,0,30,2,0.36,0.64,0.14
1,205526,75250,0,8,2,0.47,0.53,0.28
1,205526,75250,0,27,3,0.4,0.6,0.67
1,205525,75250,0,14,1,0.53,0.47,0.38
1,205525,75250,0,11,2,0.49,0.51,0.43
1,205525,75250,0,37,1,0.61,0.39,0.25
1,205525,75250,0,48,2,0.47,0.53,0.3
1,205525,75250,0,31,1,0.68,0.32,0.12
1,205525,75250,0,28,3,0.41,0.59,0.63
1,205525,75250,0,10,1,0.67,0.33,0.22
1,205525,75250,0,35,2,0.42,0.58,0.48
1,205525,75250,0,24,2,0.4,0.6,0.27
1,205525,75250,0,48,2,0.44,0.56,0.43
1,205525,75250,0,21,2,0.46,0.54,0.5
1,205525,75250,0,59,1,0.65,0.35,0.35
1,205525,75250,0,37,2,0.47,0.53,0.06
1,205525,75250,0,33,2,0.32,0.68,0.45
1,205525,75250,0,19,3,0.43,0.57,0.52
1,205525,75250,0,41,2,0.37,0.63,0.5
1,205525,205525,1,40,3,0.52,0.48,0.72
1,205525,205525,1,53,2,0.42,0.58,0.06
1,205525,205525,1,26,2,0.34,0.66,0.15
1,205525,205525,1,35,2,0.44,0.56,0.19
1,205525,205525,1,14,1,0.72,0.28,0.36
1,205525,205525,1,52,3,0.46,0.54,0.69
1,205525,205526,0,48,2,0.3,0.7,0.23
1,205525,114376,0,55,2,0.37,0.63,0.27
1,205525,114376,0,7,1,0.64,0.36,0.16
1,205525,114376,0,8,2,0.41,0.59,0.22
1,205525,114376,0,25,3,0.63,0.37,0.75
1,205525,114376,0,13,1,0.52,0.48,0.31
1,205525,114376,0,0,1,0.53,0.47,0.42
1,205525,205525,1,47,2,0.49,0.51,0.16
1,205525,205525,1,20,2,0.32,0.68,0.33
1,205525,114376,0,37,2,0.48,0.52,0.22
1,205525,205525,1,47,2,0.48,0.52,0.17
1,205525,114376,0,35,2,0.43,0.57,0.17
1,205525,205343,0,36,1,0.64,0.36,0.33
1,205525,205525,1,1,2,0.25,0.75,0.39
1,205525,205334,0,53,1,0.58,0.42,0.14
1,205525,114376,0,26,2,0.48,0.52,0.27
1,205525,205343,0,49,2,0.34,0.66,0.23
1,205525,205525,1,13,2,0.41,0.59,0.19
1,205525,75250,0,22,1,0.53,0.47,0.19
1,205525,75250,0,37,2,0.4,0.6,0.16
1,205525,75250,0,7,2,0.4,0.6,0.33
1,205525,205525,1,20,1,0.65,0.35,0.23
1,205525,75250,0,3,2,0.35,0.65,0.4
1,205525,75250,0,14,2,0.26,0.74,0.39
1,205525,75250,0,59,2,0.3,0.7,0.35
1,205525,75250,0,58,3,0.44,0.56,0.61
1,205525,75250,0,36,2,0.22,0.78,0.29
1,205525,75250,0,55,2,0.37,0.63,0.08
1,205525,205525,1,11,1,0.55,0.45,0.3
1,205525,205525,1,29,2,0.21,0.79,0.01
1,205525,205525,1,8,2,0.44,0.56,0.35
1,205525,205525,1,24,2,0.47,0.53,0.17
1,205525,75250,0,8,3,0.25,0.75,0.57
1,205525,75250,0,57,2,0.25,0.75,0.09
1,205525,75250,0,13,2,0.17,0.83,0.14
1,205525,205343,0,44,3,0.53,0.47,0.66
1,205525,205343,0,37,1,0.64,0.36,0.32
1,205525,205525,1,0,2,0.36,0.64,0.04
1,205525,205525,1,0,1,0.8,0.2,0.26
1,205525,205343,0,57,2,0.44,0.56,0.26
1,205525,205343,0,35,1,0.6,0.4,0.21
1,205525,205343,0,21,2,0.39,0.61,0.2
1,205525,205343,0,27,1,0.77,0.23,0.2
1,205525,205343,0,23,2,0.48,0.52,0.14
1,205525,205343,0,10,3,0.6,0.4,0.8
1,205525,205343,0,2,2,0.48,0.52,0.34
1,205525,205343,0,16,2,0.29,0.71,0.39
1,205525,114376,0,31,2,0.35,0.65,0.31
1,205525,75250,0,10,3,0.48,0.52,0.55
1,205525,205525,1,24,1,0.6,0.4,0.28
1,205525,205525,1,33,3,0.62,0.38,0.6
1,205525,75250,0,7,2,0.35,0.65,0.34
1,205525,75250,0,41,2,0.49,0.51,0.35
1,205525,75250,0,35,2,0.47,0.53,0.05
1,205525,205525,1,49,3,0.42,0.58,0.85
1,205525,205525,1,33,1,0.63,0.37,0.36
1,205525,205525,1,21,1,0.72,0.28,0.34
1,205525,75250,0,48,2,0.28,0.72,0.45
1,205525,205525,1,9,2,0.33,0.67,0.45
1,205525,75250,0,58,2,0.45,0.55,0.34
1,205525,205525,1,43,1,0.52,0.48,0.4
1,205525,75250,0,14,3,0.2,0.8,0.57
1,205525,75250,0,41,2,0.37,0.63,0.39
1,205525,75250,0,45,3,0.49,0.51,0.6
1,205525,75250,0,13,2,0.23,0.77,0.38
1,205525,75250,0,8,2,0.5,0.5,0.06
1,205525,75250,0,53,2,0.41,0.59,0.26
1,205525,205525,1,9,1,0.58,0.42,0.33
1,205525,75250,0,48,2,0.37,0.63,0.17
1,205525,114376,0,36,2,0.25,0.75,0.38
1,205525,205525,1,41,2,0.42,0.58,0.17
1,205525,114376,0,28,2,0.47,0.53,0.45
1,205525,114376,0,25,1,0.51,0.49,0.28
1,205525,205525,1,7,2,0.49,0.51,0.18
1,205526,205526,1,47,1,0.6,0.4,0.35
1,205343,205526,0,36,2,0.22,0.78,0.26
1,205343,205525,0,19,1,0.65,0.35,0.09
1,75250,205526,0,41,2,0.49,0.51,0.08
1,75250,205343,0,50,2,0.34,0.66,0.38
0,75250,205343,0,33,2,0.34,0.66,0.17
1,205525,75250,0,46,3,0.49,0.51,0.6
1,205383,205343,0,2,2,0.4,0.6,0.41
1,205383,205343,0,41,3,0.47,0.53,0.55
1,205383,205383,1,7,3,0.51,0.49,0.53
1,205383,205383,1,54,2,0.22,0.78,0.24
1,205383,205343,0,44,2,0.29,0.71,0.45
1,205383,205525,0,32,2,0.3,0.7,0.34
1,205383,205525,0,52,2,0.3,0.7,0.39
1,205383,205383,1,22,2,0.35,0.65,0.35
1,114376,75250,0,3,2,0.4,0.6,0.36
1,114376,205343,0,29,2,0.45,0.55,0.17
1,114376,205343,0,15,3,0.48,0.52,0.6
1,114376,205343,0,5,3,0.5,0.5,0.55
1,114376,205343,0,50,1,0.61,0.39,0.2
1,114376,205343,0,50,3,0.27,0.73,0.86
1,114376,205343,0,13,1,0.65,0.35,0.36
1,114376,205343,0,54,1,0.54,0.46,0.36
1,114376,205343,0,51,2,0.4,0.6,0.48
1,114376,114376,1,35,3,0.19,0.81,0.63
1,114376,114376,1,30,3,0.51,0.49,0.53
1,114376,205343,0,42,2,0.36,0.64,0.29
1,114376,205343,0,58,3,0.49,0.51,0.6
1,114376,114376,1,40,3,0.63,0.37,0.53
1,114376,114376,1,6,1,0.64,0.36,0.31
1,114376,205343,0,0,3,0.63,0.37,0.86
1,114376,205343,0,17,3,0.47,0.53,0.53
1,114376,205343,0,3,2,0.45,0.55,0.43
1,114376,205343,0,19,2,0.4,0.6,0.39
1,114376,114376,1,32,3,0.56,0.44,0.62
1,114376,114376,1,36,1,0.8,0.2,0.02
1,114376,114376,1,26,2,0.31,0.69,0.36
1,114376,205343,0,48,2,0.31,0.69,0.36
1,114376,205343,0,40,1,0.64,0.36,0.37
1,114376,205525,0,31,3,0.5,0.5,0.66
1,114376,205525,0,34,2,0.36,0.64,0.41
1,114376,205525,0,19,2,0.32,0.68,0.37
1,114376,205525,0,25,2,0.31,0.69,0.12
1,114376,205525,0,33,1,0.6,0.4,0.37
1,114376,114376,1,8,2,0.38,0.62,0.38
1,114376,205343,0,42,2,0.33,0.67,0.22
1,114376,205525,0,13,3,0.52,0.48,0.57
1,114376,205343,0,21,2,0.45,0.55,0.41
1,114376,205343,0,18,2,0.33,0.67,0.15
1,114376,205343,0,11,1,0.52,0.48,0.31
1,114376,205525,0,2,3,0.48,0.52,0.59
1,114376,205525,0,9,3,0.41,0.59,0.8
1,114376,114376,1,40,2,0.3,0.7,0.25
1,114376,205343,0,22,2,0.32,0.68,0.34
1,114376,205525,0,22,3,0.35,0.65,0.7
1,114376,114376,1,17,1,0.61,0.39,0.28
1,114376,205343,0,5,1,0.54,0.46,0.12
1,114376,205525,0,1,2,0.42,0.58,0.42
1,114376,205525,0,34,2,0.41,0.59,0.37
1,114376,114376,1,29,1,0.62,0.38,0.25
1,114376,205525,0,47,2,0.3,0.7,0.12
1,114376,114376,1,48,3,0.68,0.32,0.56
1,75250,114376,0,33,3,0.6,0.4,0.58
1,75250,114376,0,9,2,0.49,0.51,0.26
1,205525,114376,0,47,3,0.48,0.52,0.6
1,75250,126754,0,31,1,0.59,0.41,0.18
0,205525,114376,0,3,3,0.49,0.51,0.73
0,205525,114376,0,45,1,0.66,0.34,0.35
0,205525,114376,0,39,3,0.55,0.45,0.77
1,205343,205525,0,5,1,0.5,0.5,0.24
1,205343,205343,1,40,3,0.67,0.33,0.62
1,205525,205525,1,35,3,0.54,0.46,0.91
1,205343,75250,0,12,2,0.48,0.52,0.47
1,205343,75250,0,2,1,0.64,0.36,0.23
1,205343,205525,0,35,3,0.53,0.47,0.79
1,205525,205525,1,50,1,0.6,0.4,0.36
1,75250,75250,1,47,1,0.53,0.47,0.29
1,75250,205525,0,32,2,0.29,0.71,0.18
1,205525,205526,0,6,1,0.58,0.42,0.01
1,205526,205525,0,5,1,0.51,0.49,0.35
1,205526,205526,1,42,3,0.42,0.58,0.54
1,205526,205525,0,17,1,0.63,0.37,0.36
1,205526,75250,0,11,3,0.64,0.36,0.7
1,205526,75250,0,28,2,0.35,0.65,0.09
1,205526,75250,0,31,1,0.63,0.37,0.36
0,116088,75250,0,48,2,0.42,0.58,0.21
0,116088,75250,0,50,2,0.35,0.65,0.35
1,205525,75250,0,7,1,0.7,0.3,0.2
1,205525,75250,0,41,3,0.42,0.58,0.66
1,205525,205525,1,9,2,0.41,0.59,0.2
1,205525,114376,0,4,2,0.33,0.67,0.39
1,205525,114376,0,15,1,0.69,0.31,0.4
1,205525,75250,0,17,3,0.46,0.54,0.59
1,205525,205525,1,38,2,0.47,0.53,0.16
1,205525,205525,1,31,1,0.53,0.47,0.27
1,205525,205525,1,1,3,0.62,0.38,0.63
1,205525,205525,1,21,3,0.63,0.37,0.52
1,205379,205343,0,59,1,0.62,0.38,0.13
1,205379,205343,0,24,2,0.43,0.57,0.34
1,205379,205343,0,37,2,0.45,0.55,0.14
1,205379,205343,0,10,3,0.45,0.55,0.74
1,205379,205343,0,50,3,0.47,0.53,0.64
1,205379,205525,0,49,2,0.44,0.56,0.38
1,205379,205343,0,13,3,0.53,0.47,0.79
1,205379,205379,1,41,3,0.5,0.5,0.63
1,205379,205343,0,38,1,0.69,0.31,0.17
1,205379,205343,0,16,3,0.49,0.51,0.52
1,205379,205343,0,8,2,0.46,0.54,0.41
1,205379,205343,0,48,2,0.38,0.62,0.49
1,205379,205526,0,46,1,0.71,0.29,0.18
1,75250,75250,1,15,2,0.29,0.71,0.39
0,205380,75250,0,11,3,0.36,0.64,0.65
0,205380,75250,0,36,2,0.5,0.5,0.45
0,205380,75250,0,39,2,0.41,0.59,0.17
0,205380,75250,0,59,1,0.58,0.42,0.21
1,205526,205525,0,13,1,0.64,0.36,0.14
1,205526,205525,0,51,2,0.44,0.56,0.34
1,205526,205525,0,53,1,0.56,0.44,0.14
1,205526,205525,0,42,1,0.6,0.4,0.18
1,205526,205526,1,5,1,0.58,0.42,0.43
1,205526,205343,0,51,2,0.35,0.65,0.23
1,205526,205525,0,47,3,0.49,0.51,0.58
1,205526,75250,0,52,3,0.55,0.45,0.83
1,205526,75250,0,9,2,0.38,0.62,0.45
1,205526,205343,0,10,2,0.45,0.55,0.22
1,205526,205526,1,48,2,0.38,0.62,0.1
1,205526,75250,0,26,2,0.36,0.64,0.46
1,205526,205526,1,49,2,0.38,0.62,0.25
1,205526,75250,0,52,2,0.5,0.5,0.21
1,205526,205343,0,24,3,0.25,0.75,0.51
1,205526,205526,1,27,1,0.53,0.47,0.4
1,205343,75250,0,9,1,0.62,0.38,0.23
1,205343,75250,0,22,3,0.37,0.63,0.62
1,205343,75250,0,48,1,0.6,0.4,0.23
1,205525,114376,0,30,2,0.27,0.73,0.29
1,205525,75250,0,29,2,0.42,0.58,0.19
1,205525,75250,0,41,2,0.37,0.63,0.5
1,205525,205343,0,29,3,0.48,0.52,0.6
1,205525,75250,0,17,3,0.32,0.68,0.7
1,205525,75250,0,45,3,0.49,0.51,0.6
1,205525,75250,0,11,2,0.39,0.61,0.33
1,205525,205525,1,40,3,0.43,0.57,0.77
1,205525,205525,1,8,2,0.5,0.5,0.46
1,205525,205525,1,38,3,0.58,0.42,0.52
1,205526,114376,0,8,3,0.43,0.57,0.51
0,204803,75250,0,50,3,0.53,0.47,0.6
0,204803,114376,0,56,2,0.41,0.59,0.12
0,204803,204803,1,6,1,0.67,0.33,0.19
0,204803,75250,0,41,1,0.64,0.36,0.22
0,204803,204803,1,33,2,0.29,0.71,0.02
0,204803,204803,1,13,2,0.44,0.56,0.14
0,204803,204803,1,57,2,0.29,0.71,0.24
1,75250,75250,1,17,2,0.37,0.63,0.26
1,205526,75250,0,26,3,0.46,0.54,0.6
1,205526,75250,0,30,2,0.35,0.65,0.5
1,205526,75250,0,26,3,0.45,0.55,0.5
1,205526,75250,0,42,1,0.65,0.35,0.19
1,205526,75250,0,40,3,0.41,0.59,0.63
1,205526,75250,0,2,2,0.32,0.68,0.34
1,205526,75250,0,31,2,0.36,0.64,0.43
1,75250,205525,0,0,1,0.62,0.38,0.16
1,75250,205526,0,1,2,0.44,0.56,0.09
1,75250,75250,1,53,2,0.46,0.54,0.18
1,75250,205525,0,32,3,0.49,0.51,0.52
1,75250,205525,0,20,3,0.63,0.37,0.62
1,205525,205343,0,3,1,0.75,0.25,0.15
1,75250,205525,0,36,3,0.5,0.5,0.5
1,75250,205525,0,59,2,0.42,0.58,0.35
1,75250,75250,1,24,2,0.35,0.65,0.03
1,75250,75250,1,27,3,0.41,0.59,0.56
1,75250,75250,1,13,2,0.48,0.52,0.34
1,75250,205525,0,25,3,0.46,0.54,0.8
1,75250,205320,0,25,3,0.71,0.29,0.71
1,205525,75250,0,12,3,0.46,0.54,0.54
1,205525,205525,1,9,1,0.61,0.39,0.17
1,205525,205525,1,35,3,0.49,0.51,0.57
1,205525,75250,0,52,3,0.42,0.58,0.62
1,205525,205343,0,2,2,0.48,0.52,0.22
1,205525,205343,0,12,2,0.43,0.57,0.11
1,205525,205343,0,26,1,0.72,0.28,0.19
1,205525,205343,0,56,2,0.4,0.6,0.34
1,205525,75250,0,5,3,0.5,0.5,0.52
1,205525,205343,0,34,3,0.5,0.5,0.73
1,205525,205343,0,0,2,0.29,0.71,0.24
1,205525,205525,1,2,3,0.59,0.41,0.6
1,205525,205525,1,5,3,0.4,0.6,0.6
1,205525,205525,1,3,2,0.5,0.5,0.46
1,205525,205526,0,25,3,0.58,0.42,0.8
1,75250,114376,0,33,1,0.51,0.49,0.34
1,75250,75250,1,59,2,0.35,0.65,0.33
1,205343,75250,0,5,2,0.37,0.63,0.49
1,205343,205525,0,24,2,0.46,0.54,0.28
1,205343,205343,1,52,2,0.38,0.62,0.19
1,205343,75250,0,35,3,0.58,0.42,0.56
1,205343,114376,0,40,2,0.31,0.69,0.19
1,205343,75250,0,37,3,0.45,0.55,0.77
1,205343,205525,0,5,1,0.56,0.44,0.25
1,205343,205525,0,31,3,0.55,0.45,0.61
1,205343,205525,0,29,1,0.67,0.33,0.4
1,205343,205525,0,53,1,0.6,0.4,0.13
1,205343,205525,0,7,1,0.65,0.35,0.36
1,205343,114376,0,38,2,0.28,0.72,0.43
1,205343,205343,1,53,3,0.51,0.49,0.78
1,205343,205343,1,40,1,0.52,0.48,0.49
1,205343,205343,1,59,1,0.61,0.39,0.26
1,205343,205525,0,11,1,0.68,0.32,0.24
1,205525,205525,1,4,3,0.53,0.47,0.84
1,205525,75250,0,15,2,0.21,0.79,0.34
1,205525,205343,0,18,2,0.23,0.77,0.36
1,205525,75250,0,25,1,0.63,0.37,0.36
1,205525,205343,0,20,2,0.43,0.57,0.39
1,205525,205343,0,5,1,0.62,0.38,0.36
1,205525,75250,0,25,1,0.52,0.48,0.09
1,205525,75250,0,8,2,0.37,0.63,0.5
1,205525,205525,1,41,1,0.55,0.45,0.35
1,205525,205343,0,50,3,0.35,0.65,0.72
1,205525,75250,0,2,3,0.47,0.53,0.86
1,205525,205343,0,12,3,0.39,0.61,0.69
1,205525,205525,1,58,1,0.65,0.35,0.34
1,205525,114376,0,1,2,0.28,0.72,0.3
1,205525,205525,1,5,2,0.45,0.55,0.33
1,205525,205525,1,10,3,0.53,0.47,0.73
1,205525,75250,0,29,3,0.45,0.55,0.93
1,205525,205525,1,22,1,0.7,0.3,0.2
1,205525,75250,0,13,2,0.45,0.55,0.24
1,205525,205525,1,34,3,0.68,0.32,0.54
1,205525,205526,0,50,2,0.4,0.6,0.21
1,205343,75250,0,25,2,0.45,0.55,0.37
1,205343,75250,0,23,3,0.56,0.44,0.85
1,205343,205343,1,43,3,0.62,0.38,0.6
1,205343,205343,1,6,3,0.51,0.49,0.53
1,205343,205526,0,37,2,0.38,0.62,0.45
1,205525,75250,0,0,1,0.71,0.29,0.28
1,75250,205343,0,45,2,0.25,0.75,0.35
1,75250,75250,1,1,2,0.36,0.64,0.15
1,75250,205343,0,34,1,0.53,0.47,0.47
1,75250,205343,0,11,2,0.28,0.72,0.41
1,75250,75250,1,22,1,0.79,0.21,0.21
1,205525,75250,0,16,1,0.51,0.49,0.13
1,205525,205525,1,32,2,0.38,0.62,0.33
1,205343,205525,0,4,2,0.45,0.55,0.23
1,205343,205343,1,52,1,0.68,0.32,0.3
1,205343,75250,0,27,2,0.46,0.54,0.24
1,205525,205526,0,3,1,0.51,0.49,0.46
1,205525,205525,1,31,1,0.5,0.5,0.19
1,205526,75250,0,35,1,0.58,0.42,0.38
1,205526,75250,0,50,2,0.3,0.7,0.34
1,205526,75250,0,14,1,0.55,0.45,0.04
1,205526,75250,0,13,3,0.49,0.51,0.6
1,205526,205525,0,22,1,0.65,0.35,0.19
1,205526,205526,1,26,1,0.71,0.29,0.06
1,205526,205525,0,39,2,0.44,0.56,0.29
1,205526,205525,0,7,3,0.49,0.51,0.6
1,205526,205525,0,28,3,0.54,0.46,0.54
1,205526,205526,1,27,1,0.63,0.37,0.29
1,205526,114376,0,33,1,0.59,0.41,0.21
1,205526,205343,0,6,2,0.42,0.58,0.44
1,205526,205525,0,57,1,0.67,0.33,0.4
1,205526,205526,1,54,1,0.52,0.48,0.15
1,75250,114376,0,34,3,0.49,0.51,0.74
1,75250,205525,0,42,1,0.59,0.41,0.37
1,75250,205525,0,18,2,0.32,0.68,0.25
1,75250,75250,1,59,2,0.5,0.5,0.46
1,75250,75250,1,6,2,0.5,0.5,0.46
1,75250,206246,0,58,1,0.53,0.47,0.25
1,75250,205525,0,51,3,0.42,0.58,0.69
1,75250,205525,0,17,1,0.74,0.26,0.15
1,75250,205343,0,43,1,0.54,0.46,0.45
1,75250,75250,1,36,1,0.6,0.4,0.46
1,75250,75250,1,22,3,0.51,0.49,0.74
1,75250,114376,0,11,2,0.22,0.78,0.15
1,75250,75250,1,4,3,0.49,0.51,0.66
1,205525,114376,0,20,1,0.7,0.3,0.26
1,205525,205526,0,45,3,0.47,0.53,0.54
1,205525,205525,1,56,1,0.56,0.44,0.36
1,205526,205525,0,36,2,0.44,0.56,0.36
1,205526,205525,0,8,2,0.45,0.55,0.13
1,205526,205525,0,19,1,0.5,0.5,0.27
1,205343,205525,0,23,2,0.43,0.57,0.18
1,205343,205525,0,56,2,0.25,0.75,0.1
1,205343,75250,0,4,2,0.43,0.57,0.27
1,75250,205526,0,26,2,0.25,0.75,0.01
1,75250,75250,1,50,3,0.47,0.53,0.88
1,205525,75250,0,47,2,0.43,0.57,0.39
1,75250,102870,0,42,1,0.61,0.39,0.2
1,205343,205525,0,42,2,0.42,0.58,0.38
1,205343,205525,0,12,2,0.35,0.65,0.06
1,205343,205525,0,6,2,0.37,0.63,0.23
1,205343,205343,1,11,3,0.45,0.55,0.79
1,205526,205343,0,16,2,0.26,0.74,0.15
1,205526,205525,0,23,1,0.55,0.45,0.14
1,205526,205526,1,38,3,0.36,0.64,0.64
1,205526,205526,1,1,1,0.55,0.45,0.12
1,205526,205526,1,53,2,0.19,0.81,0.02
1,205526,205526,1,35,1,0.59,0.41,0.18
1,205526,205526,1,47,3,0.36,0.64,0.61
0,205334,205525,0,5,2,0.38,0.62,0.38
0,205334,205525,0,1,3,0.36,0.64,0.58
0,205334,205525,0,51,2,0.26,0.74,0.4
0,205334,205525,0,22,3,0.48,0.52,0.52
0,205334,205525,0,57,3,0.53,0.47,0.6
0,205334,205525,0,3,2,0.5,0.5,0.45
0,205334,205525,0,21,2,0.31,0.69,0.17
0,205334,205334,1,1,1,0.76,0.24,0.21
0,205334,205334,1,51,2,0.47,0.53,0.22
0,205334,205334,1,3,2,0.24,0.76,0.19
0,205334,205525,0,54,3,0.57,0.43,0.7
0,205334,205525,0,53,2,0.29,0.71,0.32
0,205334,205525,0,33,2,0.49,0.51,0.17
0,205334,205525,0,15,1,0.54,0.46,0.31
0,205334,205525,0,36,3,0.42,0.58,0.67
0,205334,205525,0,28,2,0.29,0.71,0.34
0,205334,205334,1,56,2,0.48,0.52,0.25
0,205334,205525,0,48,3,0.55,0.45,0.84
0,205334,205334,1,23,1,0.58,0.42,0.3
1,205343,75250,0,11,3,0.43,0.57,0.6
1,205343,75250,0,10,2,0.29,0.71,0.35
1,205343,75250,0,13,3,0.46,0.54,0.6
1,205343,75250,0,55,1,0.67,0.33,0.36
1,205343,205343,1,41,2,0.25,0.75,0.17
1,205343,205525,0,40,3,0.44,0.56,0.52
1,205343,126754,0,26,2,0.4,0.6,0.19
1,205343,126754,0,12,1,0.71,0.29,0.2
1,205525,75250,0,22,1,0.53,0.47,0.38
1,205525,75250,0,58,2,0.38,0.62,0.42
1,205525,126754,0,46,1,0.52,0.48,0.41
1,205525,205525,1,49,2,0.17,0.83,0.45
1,205525,205525,1,23,2,0.49,0.51,0.23
1,205525,205525,1,45,1,0.63,0.37,0.36
1,205525,205525,1,53,1,0.59,0.41,0.29
1,205525,75250,0,11,1,0.65,0.35,0.19
1,205525,75250,0,41,1,0.55,0.45,0.34
1,205525,205525,1,23,2,0.46,0.54,0.38
1,205525,75250,0,35,3,0.3,0.7,0.66
1,205525,205525,1,9,1,0.64,0.36,0.22
1,205525,205525,1,11,2,0.19,0.81,0.0
1,205525,75250,0,26,1,0.68,0.32,0.4
1,205525,75250,0,59,2,0.33,0.67,0.45
1,205525,75250,0,36,3,0.33,0.67,0.7
1,205525,75250,0,11,3,0.46,0.54,0.53
1,205525,205525,1,19,1,0.63,0.37,0.15
0,114376,205343,0,36,2,0.39,0.61,0.15
0,114376,205343,0,45,2,0.27,0.73,0.33
0,114376,114376,1,13,1,0.64,0.36,0.42
0,114376,114376,1,13,1,0.6,0.4,0.25
0,114376,205343,0,19,2,0.23,0.77,0.34
0,114376,205343,0,7,2,0.36,0.64,0.45
0,114376,205343,0,50,2,0.37,0.63,0.47
0,114376,114376,1,47,3,0.49,0.51,0.81
0,114376,205343,0,44,1,0.55,0.45,0.3
0,114376,205343,0,33,2,0.37,0.63,0.41
0,114376,205343,0,59,2,0.24,0.76,0.34
0,114376,205343,0,34,1,0.67,0.33,0.19
0,114376,205343,0,45,1,0.52,0.48,0.41
0,114376,75250,0,19,2,0.3,0.7,0.45
0,114376,75250,0,54,2,0.44,0.56,0.44
0,114376,75250,0,16,2,0.36,0.64,0.3
0,114376,75250,0,1,2,0.25,0.75,0.37
0,114376,75250,0,55,2,0.37,0.63,0.5
0,114376,75250,0,51,1,0.52,0.48,0.49
0,114376,75250,0,2,3,0.52,0.48,0.59
0,114376,75250,0,12,2,0.32,0.68,0.42
0,114376,75250,0,51,2,0.37,0.63,0.34
0,114376,75250,0,47,3,0.5,0.5,0.57
0,114376,114376,1,52,1,0.64,0.36,0.2
0,114376,114376,1,53,1,0.65,0.35,0.24
0,114376,114376,1,34,2,0.37,0.63,0.33
0,114376,114376,1,39,2,0.25,0.75,0.27
0,114376,114376,1,25,3,0.71,0.29,0.51
0,114376,114376,1,47,2,0.37,0.63,0.13
0,114376,114376,1,3,2,0.34,0.66,0.44
0,114376,114376,1,24,3,0.22,0.78,0.67
0,114376,114376,1,45,2,0.34,0.66,0.13
0,114376,114376,1,37,3,0.29,0.71,0.56
0,114376,75250,0,17,3,0.42,0.58,0.58
0,114376,75250,0,25,1,0.56,0.44,0.31
0,114376,75250,0,48,2,0.38,0.62,0.37
0,114376,75250,0,12,2,0.4,0.6,0.46
0,114376,75250,0,59,3,0.47,0.53,0.51
0,114376,75250,0,18,3,0.43,0.57,0.66
0,114376,75250,0,4,2,0.45,0.55,0.34
0,114376,75250,0,28,1,0.54,0.46,0.47
0,114376,75250,0,57,1,0.54,0.46,0.47
0,114376,75250,0,16,3,0.26,0.74,0.69
0,114376,75250,0,18,2,0.43,0.57,0.48
0,114376,75250,0,42,2,0.38,0.62,0.4
0,114376,75250,0,53,3,0.54,0.46,0.62
0,114376,75250,0,51,3,0.57,0.43,0.55
0,114376,75250,0,2,2,0.37,0.63,0.39
0,114376,75250,0,7,2,0.34,0.66,0.28
0,114376,75250,0,53,2,0.19,0.81,0.05
0,114376,75250,0,49,2,0.34,0.66,0.38
0,114376,75250,0,37,3,0.5,0.5,0.57
0,114376,75250,0,49,2,0.32,0.68,0.39
0,114376,75250,0,15,2,0.38,0.62,0.34
0,114376,75250,0,54,3,0.37,0.63,0.64
0,114376,75250,0,53,3,0.5,0.5,0.58
0,114376,75250,0,37,3,0.37,0.63,0.7
0,114376,75250,0,44,2,0.42,0.58,0.43
0,114376,75250,0,24,2,0.47,0.53,0.47
0,114376,75250,0,36,3,0.4,0.6,0.58
0,114376,75250,0,21,2,0.5,0.5,0.31
0,114376,114376,1,54,1,0.64,0.36,0.17
0,114376,114376,1,40,1,0.67,0.33,0.19
0,114376,114376,1,8,1,0.64,0.36,0.21
0,114376,114376,1,13,2,0.26,0.74,0.34
0,114376,114376,1,49,1,0.63,0.37,0.36
0,114376,114376,1,1,3,0.48,0.52,0.7
0,114376,114376,1,12,1,0.53,0.47,0.32
0,114376,114376,1,48,3,0.53,0.47,0.51
0,114376,114376,1,40,3,0.38,0.62,0.53
0,114376,114376,1,21,2,0.25,0.75,0.01
0,114376,114376,1,33,2,0.37,0.63,0.43
0,114376,114376,1,26,3,0.46,0.54,0.66
0,114376,114376,1,12,1,0.52,0.48,0.35
0,114376,205525,0,7,1,0.56,0.44,0.41
0,114376,205525,0,32,2,0.5,0.5,0.34
0,114376,205525,0,37,3,0.34,0.66,0.64
0,114376,205525,0,29,2,0.47,0.53,0.49
0,114376,205525,0,32,1,0.51,0.49,0.49
0,114376,205525,0,42,2,0.43,0.57,0.01
0,114376,205525,0,53,3,0.45,0.55,0.77
0,114376,75250,0,45,1,0.55,0.45,0.14
0,114376,205343,0,43,2,0.19,0.81,0.06
0,114376,205343,0,28,1,0.57,0.43,0.39
0,114376,205525,0,8,1,0.54,0.46,0.02
0,114376,205343,0,9,2,0.48,0.52,0.47
0,114376,205525,0,46,3,0.49,0.51,0.6
0,114376,114376,1,15,1,0.72,0.28,0.24
1,205525,126754,0,12,2,0.2,0.8,0.37
1,205525,126754,0,52,3,0.48,0.52,0.59
1,205525,205525,1,52,2,0.31,0.69,0.39
1,205525,126754,0,11,2,0.49,0.51,0.01
1,205525,126754,0,14,2,0.4,0.6,0.04
1,205525,126754,0,12,2,0.43,0.57,0.35
1,205525,205525,1,35,3,0.39,0.61,0.78
1,205525,126754,0,58,1,0.64,0.36,0.28
1,205525,114376,0,29,1,0.58,0.42,0.36
1,205525,205525,1,16,2,0.28,0.72,0.09
1,205525,126754,0,36,2,0.43,0.57,0.09
1,205525,114376,0,34,2,0.25,0.75,0.41
1,205525,205525,1,2,1,0.72,0.28,0.04
1,205525,114376,0,35,2,0.44,0.56,0.27
1,205525,114376,0,15,2,0.22,0.78,0.47
1,205525,114376,0,23,3,0.34,0.66,0.61
1,205525,205343,0,2,2,0.37,0.63,0.23
1,205525,126754,0,33,1,0.59,0.41,0.35
1,205525,205525,1,27,1,0.55,0.45,0.28
1,205525,205525,1,28,3,0.14,0.86,0.52
1,205525,205343,0,47,2,0.34,0.66,0.39
1,205525,205343,0,14,3,0.46,0.54,0.65
1,205525,205525,1,19,2,0.42,0.58,0.21
1,205525,205525,1,18,2,0.44,0.56,0.24
1,205525,205343,0,50,3,0.5,0.5,0.6
1,205525,205343,0,14,1,0.62,0.38,0.11
1,205525,205526,0,6,3,0.55,0.45,0.65
1,205525,205525,1,45,2,0.38,0.62,0.26
1,205525,205526,0,16,2,0.27,0.73,0.13
1,205525,75250,0,4,3,0.45,0.55,0.53
1,205525,75250,0,40,2,0.42,0.58,0.19
1,205525,205525,1,17,3,0.49,0.51,0.65
1,205525,205525,1,1,2,0.3,0.7,0.26
1,205525,75250,0,18,2,0.28,0.72,0.28
1,205525,205525,1,47,2,0.32,0.68,0.3
1,205525,75250,0,3,3,0.45,0.55,0.51
1,205525,75250,0,36,1,0.59,0.41,0.18
1,205525,205525,1,30,2,0.33,0.67,0.18
1,205525,205525,1,58,2,0.39,0.61,0.16
1,205525,114376,0,20,2,0.3,0.7,0.35
1,205525,205526,0,29,1,0.56,0.44,0.13
1,205525,205525,1,15,1,0.55,0.45,0.17
1,205525,205526,0,35,2,0.34,0.66,0.18
1,205525,205526,0,17,3,0.43,0.57,0.61
1,205525,205343,0,13,2,0.45,0.55,0.37
1,205526,205343,0,40,3,0.63,0.37,0.95
1,205526,205525,0,10,2,0.3,0.7,0.17
1,205526,205525,0,20,2,0.3,0.7,0.0
1,205526,205525,0,23,2,0.43,0.57,0.23
1,205526,75250,0,6,2,0.37,0.63,0.39
1,205525,75250,0,10,3,0.55,0.45,0.62
1,205525,126754,0,11,3,0.48,0.52,0.6
1,205525,205525,1,43,2,0.49,0.51,0.46
1,205525,205525,1,14,3,0.44,0.56,0.77
1,205526,205525,0,1,1,0.58,0.42,0.43
1,205526,205526,1,21,2,0.3,0.7,0.42
1,205525,205343,0,14,2,0.26,0.74,0.29
1,75250,102870,0,2,2,0.45,0.55,0.15
0,205334,75250,0,36,2,0.39,0.61,0.3
0,205334,75250,0,53,2,0.32,0.68,0.5
0,205334,75250,0,16,3,0.51,0.49,0.76
0,205334,75250,0,42,2,0.32,0.68,0.42
0,205334,75250,0,12,2,0.24,0.76,0.34
0,205334,75250,0,39,3,0.58,0.42,0.76
0,205334,75250,0,19,3,0.41,0.59,0.61
0,205334,75250,0,56,2,0.2,0.8,0.09
0,205334,205334,1,25,2,0.36,0.64,0.02
0,205334,75250,0,3,3,0.48,0.52,0.59
0,205334,205334,1,43,2,0.17,0.83,0.32
0,205334,75250,0,29,1,0.54,0.46,0.4
0,205334,75250,0,16,3,0.43,0.57,0.73
0,205334,75250,0,16,3,0.3,0.7,0.55
0,205334,75250,0,14,3,0.51,0.49,0.73
0,205334,75250,0,25,2,0.29,0.71,0.43
0,205334,75250,0,0,3,0.46,0.54,0.74
0,205334,205334,1,34,1,0.52,0.48,0.35
0,205334,75250,0,50,2,0.42,0.58,0.37
0,205334,75250,0,8,3,0.43,0.57,0.8
0,205334,75250,0,47,3,0.77,0.23,0.81
0,205334,205334,1,15,3,0.5,0.5,0.52
0,205334,205334,1,33,1,0.57,0.43,0.26
0,205334,205334,1,1,2,0.42,0.58,0.34
0,205334,205334,1,29,2,0.24,0.76,0.0
0,205334,205334,1,30,1,0.69,0.31,0.19
0,205334,205525,0,48,1,0.63,0.37,0.36
0,205334,205525,0,2,3,0.59,0.41,0.6
0,205334,205525,0,43,3,0.41,0.59,0.71
0,205334,205525,0,44,2,0.36,0.64,0.34
0,205334,205525,0,29,3,0.35,0.65,0.62
0,205334,205525,0,44,1,0.55,0.45,0.28
0,205334,205525,0,5,2,0.25,0.75,0.09
0,205334,205525,0,6,1,0.62,0.38,0.05
0,205334,205525,0,54,2,0.4,0.6,0.36
0,205334,205525,0,32,1,0.72,0.28,0.38
0,205334,205525,0,40,2,0.46,0.54,0.02
0,205334,205525,0,47,1,0.74,0.26,0.49
0,205334,205525,0,54,3,0.67,0.33,0.77
0,205334,205334,1,19,1,0.67,0.33,0.4
1,75250,205525,0,29,3,0.62,0.38,0.6
0,205320,75250,0,5,3,0.43,0.57,0.87
0,205320,75250,0,56,3,0.5,0.5,0.72
0,205320,75250,0,39,2,0.35,0.65,0.42
0,205320,75250,0,9,3,0.39,0.61,0.66
0,205320,75250,0,6,2,0.24,0.76,0.24
0,205320,75250,0,43,3,0.56,0.44,0.63
0,205320,75250,0,18,3,0.52,0.48,0.55
0,205320,75250,0,11,2,0.31,0.69,0.31
0,205320,75250,0,57,2,0.37,0.63,0.5
0,205320,75250,0,19,2,0.37,0.63,0.5
0,205320,75250,0,9,2,0.33,0.67,0.35
0,205320,75250,0,53,2,0.46,0.54,0.35
0,205320,75250,0,28,3,0.53,0.47,0.64
0,205320,75250,0,49,2,0.32,0.68,0.47
0,205320,205320,1,49,1,0.63,0.37,0.36
0,205320,205320,1,9,2,0.47,0.53,0.39
0,205320,205320,1,20,3,0.34,0.66,0.75
0,205320,205320,1,27,3,0.71,0.29,0.51
0,205320,205320,1,45,2,0.38,0.62,0.38
0,205320,205320,1,4,2,0.42,0.58,0.34
0,205320,205320,1,15,3,0.62,0.38,0.6
0,205320,205320,1,5,1,0.63,0.37,0.36
0,205320,205320,1,32,2,0.4,0.6,0.11
0,205320,205320,1,19,3,0.5,0.5,0.7
0,205320,205320,1,34,2,0.49,0.51,0.21
0,205320,205320,1,6,1,0.63,0.37,0.36
0,205320,205320,1,35,1,0.63,0.37,0.36
0,205320,205320,1,32,2,0.25,0.75,0.41
0,205320,75250,0,30,3,0.48,0.52,0.9
0,205320,75250,0,26,1,0.54,0.46,0.25
0,205320,75250,0,30,1,0.59,0.41,0.21
0,205320,75250,0,23,2,0.4,0.6,0.15
0,205320,205320,1,3,1,0.7,0.3,0.23
0,205320,75250,0,26,3,0.45,0.55,0.83
0,205320,75250,0,23,2,0.35,0.65,0.3
0,17573,75250,0,37,3,0.41,0.59,0.68
0,17573,75250,0,36,3,0.26,0.74,0.79
0,17573,75250,0,11,2,0.31,0.69,0.42
0,17573,75250,0,1,2,0.32,0.68,0.42
0,17573,75250,0,16,2,0.29,0.71,0.2
0,17573,75250,0,52,3,0.5,0.5,0.6
0,17573,75250,0,12,3,0.46,0.54,0.57
0,17573,75250,0,27,2,0.32,0.68,0.42
0,17573,75250,0,8,3,0.51,0.49,0.77
0,17573,75250,0,41,2,0.28,0.72,0.36
0,17573,75250,0,59,2,0.32,0.68,0.42
0,17573,75250,0,28,3,0.34,0.66,0.7
0,17573,75250,0,35,3,0.42,0.58,0.7
0,17573,75250,0,6,2,0.37,0.63,0.5
0,17573,75250,0,43,3,0.54,0.46,0.6
0,17573,75250,0,56,2,0.32,0.68,0.48
0,17573,75250,0,37,2,0.31,0.69,0.42
0,17573,75250,0,30,2,0.44,0.56,0.38
0,17573,75250,0,59,2,0.33,0.67,0.48
0,17573,75250,0,1,2,0.44,0.56,0.47
0,17573,75250,0,7,3,0.36,0.64,0.55
0,17573,75250,0,4,2,0.31,0.69,0.39
0,17573,75250,0,15,3,0.26,0.74,0.55
0,17573,75250,0,54,2,0.43,0.57,0.42
0,205320,75250,0,20,1,0.58,0.42,0.25
0,205320,75250,0,32,2,0.34,0.66,0.17
0,205320,205320,1,55,2,0.27,0.73,0.0
0,205320,205320,1,48,2,0.47,0.53,0.3
1,205525,205526,0,48,2,0.19,0.81,0.1
1,205525,75250,0,12,2,0.41,0.59,0.16
1,205525,75250,0,28,3,0.52,0.48,0.89
1,205525,75250,0,26,2,0.34,0.66,0.04
1,205525,75250,0,32,3,0.48,0.52,0.6
1,205525,205525,1,16,2,0.41,0.59,0.13
1,205525,75250,0,8,2,0.37,0.63,0.49
1,205525,75250,0,46,1,0.8,0.2,0.26
1,205525,75250,0,23,3,0.38,0.62,0.77
1,205525,75250,0,58,1,0.55,0.45,0.41
1,205525,205525,1,40,3,0.26,0.74,0.6
1,205525,205525,1,13,2,0.45,0.55,0.46
1,205525,126754,0,15,1,0.56,0.44,0.39
1,205525,205525,1,15,3,0.48,0.52,0.5
1,205525,205525,1,57,2,0.49,0.51,0.35
1,205525,205525,1,36,1,0.67,0.33,0.13
1,205525,205525,1,22,1,0.58,0.42,0.38
1,75250,75250,1,8,2,0.31,0.69,0.32
1,205526,126754,0,18,1,0.63,0.37,0.12
0,205320,75250,0,8,3,0.28,0.72,0.71
0,205320,75250,0,35,2,0.38,0.62,0.25
0,205320,75250,0,35,2,0.37,0.63,0.18
0,205320,75250,0,26,2,0.35,0.65,0.44
0,205320,205320,1,46,1,0.62,0.38,0.47
0,205320,75250,0,26,3,0.33,0.67,0.77
0,205320,75250,0,29,3,0.49,0.51,0.53
0,205320,75250,0,20,3,0.58,0.42,0.92
0,205320,75250,0,22,2,0.41,0.59,0.37
0,205320,75250,0,12,2,0.41,0.59,0.37
0,205320,75250,0,30,2,0.41,0.59,0.37
0,205320,75250,0,7,2,0.42,0.58,0.02
0,205320,75250,0,15,2,0.36,0.64,0.11
0,205320,75250,0,32,1,0.66,0.34,0.28
0,205320,75250,0,43,1,0.53,0.47,0.06
0,205320,205320,1,57,1,0.63,0.37,0.36
0,205320,205320,1,42,1,0.63,0.37,0.36
0,205320,205320,1,9,1,0.54,0.46,0.21
0,205320,205320,1,37,3,0.51,0.49,0.53
0,205320,205320,1,35,2,0.44,0.56,0.22
0,205320,205320,1,27,1,0.56,0.44,0.3
0,205320,75250,0,24,2,0.42,0.58,0.21
0,205320,75250,0,9,2,0.19,0.81,0.3
0,205320,75250,0,55,2,0.37,0.63,0.36
0,205320,205320,1,26,2,0.44,0.56,0.32
0,205320,205320,1,46,2,0.22,0.78,0.34
1,205525,75250,0,31,3,0.31,0.69,0.52
1,205525,205525,1,24,1,0.57,0.43,0.21
1,205525,205525,1,19,2,0.5,0.5,0.46
1,205525,75250,0,40,2,0.34,0.66,0.21
1,205525,75250,0,59,3,0.52,0.48,0.53
1,205526,205343,0,28,3,0.37,0.63,0.6
1,205526,75250,0,43,3,0.47,0.53,0.74
1,205526,126754,0,53,1,0.51,0.49,0.18
1,205526,75250,0,2,1,0.58,0.42,0.41
1,205526,205526,1,53,1,0.55,0.45,0.2
1,75250,205343,0,28,2,0.44,0.56,0.48
1,75250,205525,0,8,3,0.53,0.47,0.7
1,75250,205525,0,50,2,0.28,0.72,0.12
1,75250,205525,0,9,3,0.73,0.27,0.76
1,75250,205526,0,56,1,0.65,0.35,0.19
1,205525,205525,1,4,3,0.53,0.47,0.91
1,205525,205525,1,30,2,0.33,0.67,0.15
1,205525,205525,1,14,3,0.47,0.53,0.63
1,205525,205525,1,35,3,0.47,0.53,0.63
1,205525,75250,0,47,2,0.37,0.63,0.33
1,205525,205525,1,21,2,0.35,0.65,0.21
1,205525,205525,1,27,2,0.37,0.63,0.08
1,205525,126754,0,58,1,0.56,0.44,0.44
1,205525,205525,1,58,1,0.57,0.43,0.36
1,205525,205343,0,37,2,0.45,0.55,0.39
1,205525,205525,1,27,1,0.6,0.4,0.46
1,205525,205343,0,16,2,0.35,0.65,0.11
1,205525,205343,0,4,2,0.23,0.77,0.23
1,205525,205343,0,3,1,0.53,0.47,0.34
1,205525,205525,1,51,1,0.5,0.5,0.25
1,205525,205525,1,45,1,0.65,0.35,0.12
1,205525,205525,1,35,1,0.6,0.4,0.15
1,205525,75250,0,42,1,0.56,0.44,0.24
1,205525,75250,0,21,3,0.52,0.48,0.59
1,205525,75250,0,26,3,0.47,0.53,0.66
1,205525,75250,0,30,3,0.49,0.51,0.6
1,205525,75250,0,21,1,0.51,0.49,0.46
1,205525,75250,0,27,3,0.44,0.56,0.61
1,205525,75250,0,2,2,0.5,0.5,0.36
1,205525,75250,0,48,1,0.62,0.38,0.43
1,205525,75250,0,6,3,0.49,0.51,0.6
1,205525,75250,0,53,2,0.34,0.66,0.23
1,205525,75250,0,49,3,0.43,0.57,0.51
1,205525,205525,1,54,2,0.27,0.73,0.28
1,205525,205525,1,57,2,0.18,0.82,0.34
1,205525,75250,0,25,3,0.53,0.47,0.75
1,205525,75250,0,25,2,0.29,0.71,0.42
1,205525,205525,1,18,2,0.44,0.56,0.34
1,205525,205525,1,7,1,0.66,0.34,0.34
1,205525,75250,0,45,2,0.42,0.58,0.35
1,205525,75250,0,11,3,0.5,0.5,0.6
1,205525,126754,0,33,3,0.61,0.39,0.66
1,205525,75250,0,30,2,0.48,0.52,0.32
1,205525,205525,1,19,3,0.53,0.47,0.52
0,114376,205343,0,37,2,0.35,0.65,0.44
0,114376,114376,1,20,3,0.4,0.6,0.82
0,114376,205343,0,22,1,0.54,0.46,0.41
0,114376,114376,1,22,2,0.21,0.79,0.1
0,114376,205343,0,22,1,0.59,0.41,0.49
0,114376,205343,0,57,3,0.29,0.71,0.52
0,114376,75250,0,45,2,0.46,0.54,0.13
0,114376,75250,0,40,1,0.64,0.36,0.45
0,114376,75250,0,59,2,0.29,0.71,0.26
0,114376,75250,0,57,3,0.63,0.37,0.76
0,114376,75250,0,57,2,0.35,0.65,0.36
0,114376,75250,0,58,2,0.47,0.53,0.16
0,114376,75250,0,4,3,0.61,0.39,0.54
0,114376,75250,0,22,2,0.28,0.72,0.34
0,114376,75250,0,1,1,0.57,0.43,0.4
0,114376,75250,0,50,2,0.37,0.63,0.4
0,114376,75250,0,13,2,0.3,0.7,0.37
0,114376,75250,0,47,1,0.52,0.48,0.35
0,114376,75250,0,2,2,0.32,0.68,0.37
0,114376,75250,0,42,3,0.37,0.63,0.65
0,114376,75250,0,39,2,0.32,0.68,0.36
0,114376,75250,0,6,2,0.37,0.63,0.39
0,114376,75250,0,24,3,0.34,0.66,0.8
0,114376,75250,0,0,1,0.52,0.48,0.32
0,114376,75250,0,4,2,0.45,0.55,0.47
0,114376,75250,0,0,2,0.37,0.63,0.49
0,114376,75250,0,47,3,0.54,0.46,0.6
0,114376,114376,1,9,2,0.29,0.71,0.2
0,114376,114376,1,22,1,0.59,0.41,0.23
0,114376,114376,1,49,1,0.72,0.28,0.27
0,114376,114376,1,27,1,0.54,0.46,0.34
0,114376,114376,1,0,1,0.72,0.28,0.41
0,114376,205343,0,22,1,0.54,0.46,0.14
0,114376,114376,1,23,3,0.51,0.49,0.8
0,114376,205343,0,19,2,0.5,0.5,0.4
0,114376,75250,0,31,2,0.31,0.69,0.01
0,114376,75250,0,56,3,0.34,0.66,0.56
0,114376,75250,0,29,2,0.42,0.58,0.36
0,114376,75250,0,43,3,0.49,0.51,0.6
0,114376,75250,0,3,2,0.41,0.59,0.49
0,114376,114376,1,51,3,0.29,0.71,0.58
0,114376,114376,1,41,1,0.73,0.27,0.2
0,114376,75250,0,50,3,0.41,0.59,0.69
0,114376,75250,0,20,3,0.45,0.55,0.79
0,114376,114376,1,54,2,0.28,0.72,0.32
0,114376,75250,0,37,2,0.38,0.62,0.49
0,114376,114376,1,53,3,0.45,0.55,0.8
0,114376,114376,1,45,1,0.59,0.41,0.04
0,114376,205525,0,37,1,0.56,0.44,0.2
0,114376,205525,0,28,3,0.52,0.48,0.76
0,114376,205525,0,54,1,0.53,0.47,0.44
0,114376,205525,0,24,3,0.4,0.6,0.54
0,114376,205525,0,24,2,0.38,0.62,0.38
0,114376,75250,0,12,2,0.46,0.54,0.16
0,114376,114376,1,52,1,0.76,0.24,0.0
0,114376,205525,0,56,3,0.44,0.56,0.89
0,114376,205525,0,50,2,0.49,0.51,0.35
0,114376,205525,0,33,3,0.45,0.55,0.67
0,114376,205525,0,15,2,0.24,0.76,0.1
0,114376,205525,0,25,2,0.47,0.53,0.49
0,114376,75250,0,59,2,0.48,0.52,0.34
0,114376,114376,1,38,3,0.58,0.42,0.63
0,114376,114376,1,39,1,0.65,0.35,0.36
0,114376,114376,1,54,2,0.3,0.7,0.16
0,114376,114376,1,27,1,0.52,0.48,0.25
0,114376,114376,1,33,2,0.49,0.51,0.17
0,114376,75250,0,2,3,0.43,0.57,0.58
0,114376,75250,0,28,2,0.4,0.6,0.39
0,114376,75250,0,1,2,0.33,0.67,0.35
0,114376,75250,0,13,2,0.37,0.63,0.39
0,114376,75250,0,43,2,0.33,0.67,0.28
0,114376,75250,0,24,2,0.39,0.61,0.2
0,114376,114376,1,41,2,0.39,0.61,0.25
0,114376,114376,1,52,2,0.36,0.64,0.38
0,114376,75250,0,34,2,0.42,0.58,0.13
1,205525,114376,0,4,1,0.54,0.46,0.48
1,205525,114376,0,22,3,0.45,0.55,0.62
1,205525,126754,0,18,3,0.43,0.57,0.75
1,205525,205525,1,56,2,0.17,0.83,0.27
1,205525,126754,0,24,1,0.57,0.43,0.27
1,205525,75250,0,34,2,0.36,0.64,0.22
1,205525,75250,0,22,2,0.35,0.65,0.36
1,205525,205525,1,26,1,0.5,0.5,0.11
1,205525,205525,1,58,2,0.13,0.87,0.21
1,205525,205525,1,25,2,0.31,0.69,0.35
1,205525,205525,1,42,1,0.51,0.49,0.14
1,205525,75250,0,54,2,0.46,0.54,0.37
1,205525,75250,0,8,3,0.62,0.38,0.6
1,205525,75250,0,37,3,0.49,0.51,0.51
1,205525,205525,1,35,2,0.38,0.62,0.1
1,205525,75250,0,26,1,0.67,0.33,0.34
1,205525,75250,0,29,1,0.51,0.49,0.34
1,205366,75250,0,5,3,0.38,0.62,0.68
