0,67810,18654,0,23,3,0.59,0.41,0.56
0,67810,18654,0,8,3,0.34,0.66,0.67
0,67810,67810,1,13,2,0.23,0.77,0.37
0,67810,18654,0,0,2,0.33,0.67,0.45
0,67810,18654,0,47,3,0.5,0.5,0.68
0,181447,181447,1,59,3,0.52,0.48,0.55
0,181447,179501,0,27,3,0.36,0.64,0.68
0,181523,18654,0,45,2,0.42,0.58,0.39
0,181523,18654,0,38,1,0.63,0.37,0.36
0,181523,181523,1,8,3,0.51,0.49,0.53
0,179625,179625,1,32,2,0.43,0.57,0.19
0,179625,179625,1,18,2,0.23,0.77,0.15
0,181474,181474,1,39,3,0.49,0.51,0.6
0,16796,18654,0,16,3,0.56,0.44,0.78
0,18654,18654,1,34,2,0.44,0.56,0.39
0,180887,18654,0,44,3,0.55,0.45,0.8
0,180887,18654,0,24,2,0.33,0.67,0.26
0,180887,8646,0,36,3,0.7,0.3,0.84
0,180887,8646,0,14,3,0.36,0.64,0.64
0,181471,18654,0,45,3,0.39,0.61,0.65
0,32661,18654,0,42,2,0.35,0.65,0.42
0,181466,18654,0,2,3,0.53,0.47,0.6
0,181466,181466,1,55,2,0.34,0.66,0.17
0,124175,8646,0,11,2,0.45,0.55,0.4
0,181449,18654,0,8,3,0.62,0.38,0.5
0,181449,18654,0,22,3,0.63,0.37,0.85
0,181430,18654,0,9,2,0.43,0.57,0.4
0,181430,18654,0,8,2,0.4,0.6,0.21
0,181430,18654,0,22,2,0.42,0.58,0.47
0,181430,181430,1,25,3,0.36,0.64,0.53
0,111363,8646,0,59,2,0.5,0.5,0.26
0,111363,8646,0,18,1,0.63,0.37,0.26
0,111363,8646,0,56,2,0.43,0.57,0.2
0,111363,18654,0,46,2,0.29,0.71,0.45
0,9487,9487,1,4,2,0.38,0.62,0.36
0,175964,18654,0,23,1,0.51,0.49,0.44
0,175964,175964,1,10,2,0.4,0.6,0.19
0,123872,18654,0,41,3,0.56,0.44,0.51
0,51896,8646,0,25,3,0.43,0.57,0.81
0,51896,51896,1,27,2,0.44,0.56,0.26
0,51896,18654,0,39,2,0.29,0.71,0.08
0,184342,18654,0,28,1,0.54,0.46,0.48
0,184342,184342,1,44,3,0.57,0.43,0.94
0,184342,184342,1,15,1,0.54,0.46,0.15
0,184342,18654,0,17,2,0.28,0.72,0.34
0,179991,179991,1,15,3,0.22,0.78,0.8
0,19728,19728,1,52,3,0.25,0.75,0.6
0,181373,32661,0,33,3,0.28,0.72,0.9
0,181373,8646,0,44,2,0.47,0.53,0.45
0,181369,181369,1,0,2,0.47,0.53,0.01
0,179595,106305,0,36,3,0.59,0.41,0.57
0,179595,8646,0,56,3,0.61,0.39,0.69
0,179595,179595,1,50,2,0.31,0.69,0.41
0,180670,18654,0,16,1,0.52,0.48,0.33
0,8269,18654,0,52,3,0.61,0.39,0.68
0,51858,51858,1,41,2,0.38,0.62,0.12
0,51858,18654,0,8,2,0.31,0.69,0.4
0,51858,18654,0,31,3,0.59,0.41,0.6
0,51858,18654,0,38,2,0.13,0.87,0.06
0,51858,9487,0,12,2,0.43,0.57,0.36
0,51858,51858,1,47,2,0.28,0.72,0.12
0,51858,32661,0,14,1,0.59,0.41,0.46
0,51858,32661,0,20,1,0.64,0.36,0.2
0,51858,32661,0,39,2,0.2,0.8,0.16
0,51858,51858,1,50,2,0.43,0.57,0.16
0,51858,51858,1,46,2,0.5,0.5,0.17
0,51858,18654,0,25,3,0.59,0.41,0.6
0,51858,51858,1,20,2,0.32,0.68,0.2
0,51858,51858,1,43,2,0.28,0.72,0.06
0,28590,179501,0,32,2,0.44,0.56,0.38
0,9487,32661,0,33,2,0.46,0.54,0.42
0,181274,18654,0,55,2,0.35,0.65,0.46
0,111363,18654,0,52,3,0.5,0.5,0.56
0,111363,111363,1,26,2,0.17,0.83,0.0
0,111363,9487,0,51,1,0.62,0.38,0.18
0,111363,9487,0,11,1,0.67,0.33,0.17
0,111363,111363,1,41,1,0.62,0.38,0.27
0,111363,18654,0,53,3,0.5,0.5,0.7
0,111363,18654,0,48,3,0.5,0.5,0.63
0,111363,18654,0,16,2,0.29,0.71,0.43
0,111363,111363,1,27,1,0.52,0.48,0.25
0,111363,111363,1,52,1,0.56,0.44,0.24
0,29064,18654,0,42,2,0.36,0.64,0.44
0,29064,9487,0,31,3,0.45,0.55,0.55
0,181282,18654,0,36,2,0.38,0.62,0.45
0,9894,18654,0,34,3,0.71,0.29,0.79
0,181267,18654,0,5,3,0.44,0.56,0.55
0,181267,18654,0,28,3,0.42,0.58,0.64
0,181230,18654,0,28,2,0.31,0.69,0.06
0,181230,181230,1,3,2,0.28,0.72,0.26
0,181230,18654,0,23,2,0.31,0.69,0.44
0,181230,18654,0,15,2,0.45,0.55,0.39
0,131898,18654,0,14,3,0.33,0.67,0.72
0,131898,18654,0,57,3,0.31,0.69,0.55
0,131898,131898,1,32,2,0.13,0.87,0.26
0,131898,9487,0,19,2,0.33,0.67,0.33
0,131898,18654,0,35,2,0.26,0.74,0.34
0,131898,8646,0,24,2,0.34,0.66,0.35
0,131898,8646,0,52,1,0.57,0.43,0.19
0,131898,8646,0,13,3,0.57,0.43,0.59
0,131898,18654,0,26,2,0.37,0.63,0.29
0,131898,18654,0,27,1,0.54,0.46,0.43
0,131898,18654,0,16,2,0.42,0.58,0.11
0,131898,131898,1,53,2,0.26,0.74,0.34
0,181213,9487,0,37,2,0.47,0.53,0.38
0,181213,181213,1,30,3,0.45,0.55,0.92
0,181213,18654,0,26,2,0.46,0.54,0.39
0,181213,18654,0,58,1,0.52,0.48,0.46
0,181195,9487,0,56,3,0.41,0.59,0.92
0,181195,181195,1,53,3,0.56,0.44,0.8
0,104080,18654,0,51,3,0.42,0.58,0.64
0,181174,18654,0,6,1,0.52,0.48,0.01
0,181174,181174,1,44,2,0.3,0.7,0.43
0,181174,181174,1,2,3,0.3,0.7,0.52
0,181174,184592,0,0,2,0.35,0.65,0.23
0,151742,151742,1,6,2,0.29,0.71,0.05
0,181144,18654,0,2,2,0.49,0.51,0.38
0,181144,18654,0,19,2,0.43,0.57,0.48
0,181144,181144,1,26,2,0.43,0.57,0.32
0,181144,181144,1,5,2,0.3,0.7,0.2
0,180149,18654,0,21,3,0.47,0.53,0.59
0,181085,9487,0,33,2,0.36,0.64,0.39
0,162501,18654,0,20,2,0.31,0.69,0.17
0,181068,32661,0,31,3,0.24,0.76,0.65
0,181068,18654,0,48,2,0.41,0.59,0.25
0,181068,181068,1,30,2,0.46,0.54,0.03
0,137551,18654,0,8,1,0.51,0.49,0.44
0,137551,18654,0,27,3,0.37,0.63,0.61
0,137551,18654,0,30,1,0.63,0.37,0.14
0,137551,18654,0,0,2,0.46,0.54,0.23
0,180858,180858,1,28,3,0.48,0.52,0.67
0,180858,180858,1,47,2,0.49,0.51,0.22
0,180858,180858,1,43,1,0.72,0.28,0.35
0,180858,18654,0,3,3,0.38,0.62,0.62
0,180858,32661,0,29,2,0.46,0.54,0.4
0,180858,32661,0,12,3,0.57,0.43,0.65
0,180858,32661,0,36,3,0.57,0.43,0.65
0,180858,180858,1,24,2,0.42,0.58,0.17
0,180858,180858,1,25,1,0.56,0.44,0.19
0,180858,180858,1,47,3,0.49,0.51,0.6
0,180858,180858,1,14,1,0.63,0.37,0.36
0,180858,180858,1,36,3,0.26,0.74,0.81
0,180858,8646,0,17,2,0.38,0.62,0.04
0,180858,8646,0,32,1,0.51,0.49,0.29
0,180858,9487,0,4,2,0.26,0.74,0.4
0,180858,9487,0,35,3,0.28,0.72,0.6
0,179263,18654,0,4,1,0.51,0.49,0.05
0,179263,8646,0,26,3,0.79,0.21,0.55
0,177022,18654,0,1,3,0.41,0.59,0.96
0,177022,177022,1,56,2,0.5,0.5,0.09
0,177022,18654,0,47,3,0.42,0.58,0.58
0,174612,18654,0,33,1,0.62,0.38,0.33
0,4681,18654,0,34,3,0.53,0.47,0.6
0,4681,18654,0,55,2,0.42,0.58,0.49
0,4681,18654,0,7,3,0.5,0.5,0.73
0,4681,4681,1,10,2,0.47,0.53,0.14
0,179595,179595,1,29,2,0.5,0.5,0.2
0,179595,179595,1,46,2,0.23,0.77,0.19
0,161351,18654,0,46,1,0.6,0.4,0.45
0,179263,179263,1,49,3,0.28,0.72,0.71
0,179263,18654,0,32,3,0.52,0.48,0.93
0,181018,9487,0,30,3,0.39,0.61,0.87
0,181018,18654,0,57,1,0.52,0.48,0.47
0,28840,28840,1,5,2,0.45,0.55,0.32
0,28840,28840,1,23,2,0.21,0.79,0.37
0,179178,9487,0,54,1,0.59,0.41,0.5
0,179178,179178,1,31,2,0.26,0.74,0.3
0,181005,18654,0,49,3,0.37,0.63,0.68
0,180978,18654,0,49,2,0.33,0.67,0.24
0,180978,18654,0,32,3,0.41,0.59,0.72
0,180978,18654,0,52,1,0.63,0.37,0.36
0,180055,106305,0,15,2,0.39,0.61,0.28
0,180972,9487,0,44,3,0.61,0.39,0.5
0,180284,180284,1,59,2,0.37,0.63,0.1
0,179117,106305,0,52,2,0.25,0.75,0.19
0,179117,106305,0,11,2,0.49,0.51,0.13
0,179117,179117,1,48,2,0.42,0.58,0.44
0,179117,179117,1,47,3,0.38,0.62,0.79
0,179117,179117,1,36,1,0.53,0.47,0.18
0,32894,18654,0,42,1,0.52,0.48,0.49
0,32894,26299,0,13,2,0.38,0.62,0.32
0,32894,26299,0,43,2,0.47,0.53,0.38
0,180046,9487,0,38,1,0.61,0.39,0.21
0,180046,9487,0,59,2,0.36,0.64,0.31
0,20443,18654,0,47,3,0.51,0.49,0.69
0,20443,18654,0,12,3,0.35,0.65,0.77
0,180728,18654,0,53,3,0.49,0.51,0.75
0,180728,180728,1,21,1,0.51,0.49,0.17
0,180728,8646,0,57,1,0.72,0.28,0.3
0,180808,180808,1,12,2,0.3,0.7,0.13
0,180801,18654,0,12,3,0.54,0.46,0.68
0,92393,18654,0,31,2,0.28,0.72,0.5
0,92393,18654,0,12,3,0.37,0.63,0.76
0,92393,9487,0,7,3,0.36,0.64,0.84
0,92393,179501,0,8,2,0.31,0.69,0.42
0,92393,18654,0,17,3,0.47,0.53,0.54
0,92393,92393,1,30,3,0.43,0.57,0.61
0,106305,18654,0,8,3,0.53,0.47,0.6
0,153162,9487,0,31,3,0.43,0.57,0.62
0,153162,153162,1,58,2,0.36,0.64,0.1
0,153162,18654,0,36,3,0.43,0.57,0.73
0,163926,8646,0,52,3,0.32,0.68,0.5
0,163926,32661,0,30,1,0.6,0.4,0.34
0,163926,8646,0,46,2,0.32,0.68,0.34
0,163926,163926,1,33,1,0.6,0.4,0.29
0,21908,18654,0,18,2,0.24,0.76,0.31
0,180596,179501,0,28,1,0.54,0.46,0.46
0,150134,18654,0,51,3,0.46,0.54,0.63
0,164502,179501,0,41,2,0.35,0.65,0.4
0,29552,8646,0,54,2,0.47,0.53,0.07
0,29552,29552,1,19,1,0.57,0.43,0.31
0,29552,29552,1,48,2,0.37,0.63,0.12
0,181447,179501,0,47,3,0.45,0.55,0.53
0,181447,181447,1,25,2,0.27,0.73,0.15
0,181447,181447,1,27,2,0.2,0.8,0.41
0,1293,8646,0,18,2,0.45,0.55,0.35
0,175497,8646,0,5,3,0.35,0.65,0.52
0,175497,18654,0,20,2,0.27,0.73,0.24
0,175497,18654,0,11,2,0.35,0.65,0.2
0,175497,175497,1,30,2,0.5,0.5,0.46
0,181469,18654,0,13,3,0.75,0.25,0.66
0,181459,9487,0,47,1,0.59,0.41,0.42
0,181459,181459,1,25,3,0.56,0.44,0.64
0,175880,18654,0,36,1,0.54,0.46,0.41
0,175880,18654,0,11,2,0.47,0.53,0.05
0,175880,175880,1,38,1,0.55,0.45,0.3
0,494,8646,0,18,2,0.38,0.62,0.18
0,181449,18654,0,34,3,0.48,0.52,0.82
0,8297,18654,0,25,3,0.54,0.46,0.67
0,8297,8297,1,37,2,0.17,0.83,0.28
0,11319,18654,0,8,2,0.32,0.68,0.17
0,181435,181435,1,35,2,0.27,0.73,0.45
0,181421,18654,0,47,3,0.59,0.41,0.57
0,48065,48065,1,11,3,0.34,0.66,0.57
0,48065,8646,0,36,3,0.48,0.52,0.52
0,48065,8646,0,28,1,0.8,0.2,0.26
0,48065,48065,1,29,3,0.49,0.51,0.72
0,111363,18654,0,30,1,0.65,0.35,0.34
0,174483,18654,0,35,3,0.46,0.54,0.55
1,179501,179501,1,54,2,0.33,0.67,0.34
0,36240,18654,0,14,3,0.65,0.35,0.8
0,28978,8646,0,17,2,0.32,0.68,0.33
0,28978,28978,1,34,2,0.25,0.75,0.4
0,28978,28978,1,6,2,0.41,0.59,0.23
0,28978,8646,0,19,2,0.43,0.57,0.13
0,153889,18654,0,48,3,0.56,0.44,0.51
0,153889,18654,0,19,2,0.4,0.6,0.41
0,181224,181224,1,46,2,0.49,0.51,0.5
0,181224,18654,0,26,1,0.53,0.47,0.39
0,181222,18654,0,36,3,0.54,0.46,0.66
0,179564,179501,0,11,1,0.73,0.27,0.35
0,179564,179564,1,29,3,0.54,0.46,0.58
0,167754,106305,0,31,2,0.43,0.57,0.19
0,181218,9487,0,56,3,0.34,0.66,0.62
0,181218,181218,1,53,3,0.26,0.74,0.93
0,181215,9487,0,53,1,0.62,0.38,0.23
0,181215,9487,0,40,2,0.47,0.53,0.21
0,181215,181215,1,1,2,0.22,0.78,0.35
0,181215,181215,1,4,1,0.58,0.42,0.32
0,106305,8646,0,43,2,0.34,0.66,0.44
0,106305,8646,0,53,2,0.44,0.56,0.37
0,106305,8646,0,44,3,0.44,0.56,0.57
0,106305,8646,0,10,3,0.52,0.48,0.55
0,106305,106305,1,3,3,0.61,0.39,0.54
0,106305,106305,1,54,3,0.15,0.85,0.75
0,106305,106305,1,10,2,0.31,0.69,0.41
0,16779,18654,0,11,3,0.22,0.78,0.6
0,16779,8646,0,6,3,0.43,0.57,0.78
0,16779,18654,0,43,2,0.42,0.58,0.43
0,180565,9487,0,36,2,0.36,0.64,0.09
0,180565,9487,0,51,3,0.48,0.52,0.62
0,180565,180565,1,48,2,0.32,0.68,0.05
0,180565,180565,1,27,2,0.47,0.53,0.2
0,181187,18654,0,28,2,0.37,0.63,0.46
1,179501,18654,0,7,2,0.47,0.53,0.45
0,96516,96516,1,29,2,0.5,0.5,0.45
0,112654,32661,0,49,3,0.44,0.56,0.6
0,112654,18654,0,26,2,0.3,0.7,0.33
0,112654,18654,0,5,3,0.22,0.78,0.64
0,28978,8646,0,9,2,0.29,0.71,0.31
0,28978,8646,0,31,3,0.35,0.65,0.52
0,28978,28978,1,15,2,0.25,0.75,0.23
0,28978,8646,0,54,1,0.53,0.47,0.01
0,28978,28978,1,56,2,0.46,0.54,0.18
0,28978,26299,0,23,1,0.77,0.23,0.14
0,28978,8646,0,50,3,0.57,0.43,0.54
0,28978,8646,0,9,2,0.46,0.54,0.41
0,28978,28978,1,59,1,0.69,0.31,0.16
0,28978,28978,1,11,2,0.2,0.8,0.18
0,181174,18654,0,32,3,0.42,0.58,0.75
0,181183,18654,0,23,2,0.49,0.51,0.03
0,181183,18654,0,37,1,0.79,0.21,0.06
0,181183,18654,0,23,2,0.31,0.69,0.38
0,181183,181183,1,14,2,0.46,0.54,0.22
0,181177,8646,0,53,2,0.34,0.66,0.41
1,32661,18654,0,48,2,0.17,0.83,0.11
1,32661,32661,1,4,3,0.29,0.71,0.51
1,32661,18654,0,45,2,0.4,0.6,0.37
0,31889,9487,0,10,2,0.47,0.53,0.3
0,179059,179059,1,44,1,0.58,0.42,0.36
0,162949,179991,0,46,2,0.4,0.6,0.12
1,179501,8646,0,7,2,0.4,0.6,0.14
1,179501,179501,1,57,3,0.25,0.75,0.88
1,179501,179501,1,56,2,0.4,0.6,0.13
0,162949,18654,0,37,1,0.61,0.39,0.36
0,106067,18654,0,9,1,0.52,0.48,0.42
0,106067,18654,0,40,2,0.29,0.71,0.3
0,106067,106067,1,47,3,0.49,0.51,0.6
0,181106,18654,0,19,3,0.37,0.63,0.62
0,27517,27517,1,6,2,0.34,0.66,0.43
0,27098,27098,1,24,2,0.38,0.62,0.15
0,27098,27098,1,7,2,0.26,0.74,0.17
0,27098,106305,0,25,3,0.39,0.61,0.52
0,179123,179123,1,53,2,0.44,0.56,0.34
0,11471,11471,1,45,2,0.42,0.58,0.02
0,78862,18654,0,53,2,0.27,0.73,0.36
0,78862,78862,1,59,2,0.44,0.56,0.14
0,181071,18654,0,23,3,0.61,0.39,0.87
0,174938,32661,0,9,2,0.45,0.55,0.37
0,181060,18654,0,54,3,0.27,0.73,0.89
0,181060,106305,0,43,1,0.52,0.48,0.35
0,181060,8646,0,47,2,0.34,0.66,0.04
0,181060,18654,0,34,3,0.56,0.44,0.58
0,3985,66917,0,42,1,0.66,0.34,0.06
0,3985,106305,0,15,2,0.33,0.67,0.23
0,3985,106305,0,27,2,0.45,0.55,0.39
0,3985,106305,0,28,1,0.69,0.31,0.4
0,166616,18654,0,12,3,0.44,0.56,0.53
0,166616,166616,1,16,1,0.61,0.39,0.38
0,85085,18654,0,36,3,0.45,0.55,0.55
0,181044,18654,0,58,2,0.35,0.65,0.4
0,181044,18654,0,16,3,0.53,0.47,0.6
0,181044,18654,0,34,3,0.3,0.7,0.75
0,181044,181044,1,3,1,0.66,0.34,0.35
0,181014,181014,1,54,3,0.35,0.65,0.71
0,181014,32661,0,56,2,0.35,0.65,0.36
0,181014,106305,0,15,2,0.49,0.51,0.45
0,181014,181014,1,52,2,0.22,0.78,0.05
0,181014,18654,0,40,2,0.24,0.76,0.31
0,181014,106305,0,11,2,0.4,0.6,0.5
0,181014,181014,1,52,1,0.53,0.47,0.44
0,181014,106305,0,26,2,0.35,0.65,0.17
0,181014,106305,0,36,2,0.34,0.66,0.03
0,85085,18654,0,35,2,0.48,0.52,0.44
0,85085,85085,1,16,1,0.67,0.33,0.18
0,174612,106305,0,17,2,0.49,0.51,0.26
0,175998,18654,0,21,2,0.49,0.51,0.43
0,175998,175998,1,59,3,0.26,0.74,0.5
0,107455,18654,0,44,3,0.2,0.8,0.6
0,8330,106305,0,45,1,0.54,0.46,0.42
0,8330,179501,0,10,1,0.67,0.33,0.2
0,8330,179501,0,51,2,0.26,0.74,0.03
0,8330,179501,0,32,1,0.71,0.29,0.36
0,19287,18654,0,41,3,0.47,0.53,0.78
0,19287,18654,0,2,1,0.6,0.4,0.48
0,19287,18654,0,18,2,0.4,0.6,0.02
0,19287,18654,0,51,3,0.47,0.53,0.54
0,19287,18654,0,54,2,0.41,0.59,0.41
0,174612,8646,0,1,2,0.28,0.72,0.26
0,174612,8646,0,36,3,0.33,0.67,0.54
0,174612,174612,1,0,2,0.25,0.75,0.37
0,174612,8646,0,38,2,0.41,0.59,0.2
0,174612,8646,0,48,3,0.35,0.65,0.76
0,174612,174612,1,37,2,0.36,0.64,0.12
0,174612,32661,0,0,3,0.51,0.49,0.59
0,174612,32661,0,44,3,0.19,0.81,0.97
0,100043,18654,0,33,2,0.46,0.54,0.39
0,9487,8646,0,27,3,0.44,0.56,0.71
0,9487,8646,0,15,3,0.44,0.56,0.52
0,9487,9487,1,24,3,0.59,0.41,0.6
0,9487,8646,0,1,2,0.42,0.58,0.1
0,9487,8646,0,22,3,0.57,0.43,0.6
0,9487,106305,0,5,1,0.61,0.39,0.13
0,9487,32661,0,52,3,0.41,0.59,0.63
0,9487,9487,1,14,2,0.4,0.6,0.45
0,9487,9487,1,18,2,0.15,0.85,0.09
0,9487,32661,0,50,2,0.27,0.73,0.12
0,9487,9487,1,48,2,0.38,0.62,0.17
0,180713,18654,0,55,2,0.37,0.63,0.34
0,180713,18654,0,4,3,0.52,0.48,0.6
0,29042,18654,0,31,1,0.54,0.46,0.37
0,29042,18654,0,6,3,0.49,0.51,0.52
0,181014,18654,0,43,2,0.49,0.51,0.49
0,181014,18654,0,14,2,0.49,0.51,0.39
0,181017,181017,1,11,2,0.48,0.52,0.2
0,181016,18654,0,24,3,0.53,0.47,0.6
0,65626,18654,0,40,2,0.47,0.53,0.5
0,65626,18654,0,1,2,0.45,0.55,0.49
0,65626,65626,1,25,3,0.54,0.46,0.6
0,28840,9487,0,2,1,0.53,0.47,0.4
0,28840,9487,0,3,2,0.49,0.51,0.19
0,28840,180261,0,54,1,0.73,0.27,0.34
0,186266,18654,0,51,1,0.53,0.47,0.47
0,186266,18654,0,4,1,0.51,0.49,0.37
0,174899,9487,0,48,2,0.31,0.69,0.15
0,19214,18654,0,26,2,0.38,0.62,0.39
0,29007,106305,0,21,1,0.54,0.46,0.04
0,105009,105009,1,31,2,0.18,0.82,0.5
0,105009,105009,1,57,1,0.53,0.47,0.37
0,105009,18654,0,56,3,0.56,0.44,0.51
0,105009,105009,1,54,2,0.29,0.71,0.18
0,105009,105009,1,5,2,0.33,0.67,0.35
0,142107,32661,0,23,2,0.4,0.6,0.43
0,142107,142107,1,26,3,0.56,0.44,0.65
0,27975,18654,0,2,1,0.51,0.49,0.39
0,46805,18654,0,22,2,0.44,0.56,0.38
0,30742,30742,1,14,1,0.5,0.5,0.05
0,186350,18654,0,32,2,0.4,0.6,0.41
0,180936,18654,0,50,3,0.5,0.5,0.77
0,180934,106305,0,50,1,0.61,0.39,0.35
0,18273,8646,0,0,2,0.25,0.75,0.35
0,18273,18273,1,28,3,0.28,0.72,0.52
0,177507,8646,0,32,2,0.37,0.63,0.5
0,177507,8646,0,9,2,0.39,0.61,0.37
0,177507,177507,1,19,2,0.41,0.59,0.19
0,177507,177507,1,31,1,0.68,0.32,0.33
0,32661,32661,1,19,2,0.49,0.51,0.17
0,180887,106305,0,54,2,0.43,0.57,0.34
0,180889,180889,1,21,3,0.3,0.7,0.5
0,180889,180889,1,4,3,0.39,0.61,0.72
0,180889,180889,1,3,3,0.32,0.68,0.68
0,180889,9487,0,58,1,0.7,0.3,0.48
0,180889,18654,0,17,3,0.41,0.59,0.77
0,180887,18654,0,17,3,0.48,0.52,0.87
0,180887,9487,0,36,2,0.12,0.88,0.16
0,186683,8646,0,3,2,0.39,0.61,0.36
0,180884,180884,1,57,2,0.44,0.56,0.18
0,180884,180884,1,59,2,0.28,0.72,0.24
0,180884,18654,0,47,2,0.28,0.72,0.42
0,180884,180884,1,28,2,0.5,0.5,0.46
0,186288,186288,1,34,2,0.41,0.59,0.25
0,174917,18654,0,6,1,0.52,0.48,0.07
0,174917,8646,0,43,2,0.37,0.63,0.3
0,174917,174917,1,20,1,0.64,0.36,0.35
0,180878,18654,0,10,3,0.4,0.6,0.53
0,180878,180878,1,33,2,0.42,0.58,0.41
0,180878,180878,1,40,2,0.49,0.51,0.37
0,32894,18654,0,48,2,0.42,0.58,0.41
0,180858,8646,0,54,3,0.28,0.72,0.73
0,180858,180858,1,35,2,0.46,0.54,0.16
0,146592,18654,0,15,3,0.57,0.43,0.64
0,20658,18654,0,58,3,0.44,0.56,0.56
0,20658,18654,0,37,3,0.54,0.46,0.6
0,162062,18654,0,15,2,0.39,0.61,0.41
0,162062,162062,1,2,2,0.39,0.61,0.13
0,162062,9487,0,13,1,0.68,0.32,0.35
0,162062,9487,0,4,2,0.43,0.57,0.47
0,146592,18654,0,8,3,0.45,0.55,0.59
0,96516,18654,0,40,3,0.49,0.51,0.77
0,104271,32661,0,48,2,0.29,0.71,0.12
0,30568,18654,0,5,3,0.41,0.59,0.63
0,30568,18654,0,33,3,0.56,0.44,0.51
0,151814,187199,0,59,3,0.25,0.75,0.53
0,180807,18654,0,11,2,0.42,0.58,0.4
0,118083,179991,0,38,2,0.2,0.8,0.47
0,118083,118083,1,33,3,0.36,0.64,0.71
0,127976,179991,0,33,2,0.28,0.72,0.36
0,127976,179991,0,33,2,0.3,0.7,0.09
0,180934,180934,1,0,3,0.51,0.49,0.53
0,180934,179991,0,46,3,0.67,0.33,0.72
0,180934,18654,0,7,3,0.43,0.57,0.67
0,180934,18654,0,19,3,0.53,0.47,0.64
0,180934,180934,1,25,2,0.49,0.51,0.39
0,171176,9487,0,50,2,0.4,0.6,0.16
0,171176,8646,0,5,1,0.53,0.47,0.42
0,76534,179991,0,37,3,0.49,0.51,0.6
0,76534,18654,0,39,3,0.56,0.44,0.51
0,76534,18654,0,16,2,0.35,0.65,0.49
0,9815,18654,0,38,1,0.53,0.47,0.47
0,9815,9815,1,16,2,0.39,0.61,0.39
0,175310,18654,0,21,3,0.52,0.48,0.54
0,175310,18654,0,40,3,0.54,0.46,0.6
0,16984,18654,0,24,3,0.52,0.48,0.58
0,179834,179834,1,28,1,0.62,0.38,0.16
0,179859,18654,0,46,2,0.37,0.63,0.44
0,179859,179859,1,29,3,0.44,0.56,0.72
0,27975,27975,1,59,2,0.14,0.86,0.03
0,180752,8646,0,38,3,0.39,0.61,0.78
0,179931,179931,1,45,3,0.37,0.63,0.71
0,180739,180739,1,28,2,0.39,0.61,0.24
0,27975,8646,0,54,3,0.38,0.62,0.52
0,105336,9487,0,11,2,0.42,0.58,0.35
0,18654,18654,1,38,2,0.45,0.55,0.42
0,18654,106305,0,34,1,0.64,0.36,0.17
0,27975,8646,0,12,3,0.39,0.61,0.53
0,27975,23291,0,48,3,0.37,0.63,0.76
0,27975,32661,0,57,2,0.48,0.52,0.41
0,27975,27975,1,2,2,0.43,0.57,0.34
0,104271,32661,0,25,2,0.23,0.77,0.24
0,178377,106305,0,58,3,0.54,0.46,0.6
0,180710,179991,0,4,3,0.41,0.59,0.79
0,180710,179991,0,32,3,0.27,0.73,0.61
0,27975,27975,1,39,2,0.19,0.81,0.27
0,28367,32661,0,32,1,0.58,0.42,0.06
0,28367,18654,0,17,2,0.45,0.55,0.34
0,27975,9487,0,26,3,0.49,0.51,0.57
0,27975,106305,0,50,2,0.21,0.79,0.11
0,27975,8646,0,8,1,0.54,0.46,0.36
0,27975,8646,0,31,2,0.25,0.75,0.28
0,27975,9487,0,15,1,0.56,0.44,0.21
0,27975,27975,1,59,1,0.87,0.13,0.36
0,27975,8646,0,55,2,0.31,0.69,0.22
0,27975,27975,1,29,3,0.57,0.43,0.73
0,27975,8646,0,34,1,0.66,0.34,0.09
0,180680,9487,0,38,3,0.46,0.54,0.77
0,180680,180680,1,24,3,0.59,0.41,0.79
0,180680,18654,0,32,1,0.66,0.34,0.17
0,27880,18654,0,20,2,0.34,0.66,0.45
0,27880,27880,1,14,2,0.36,0.64,0.37
0,99697,106305,0,19,2,0.45,0.55,0.08
0,99697,18654,0,59,3,0.41,0.59,0.76
0,99697,106305,0,6,3,0.49,0.51,0.6
0,29042,18654,0,7,3,0.37,0.63,0.59
0,29042,29042,1,58,2,0.37,0.63,0.3
0,29042,18654,0,39,3,0.49,0.51,0.66
0,29042,8646,0,20,3,0.52,0.48,0.73
0,180687,106305,0,57,2,0.37,0.63,0.41
0,180684,106305,0,20,3,0.48,0.52,0.68
0,180684,106305,0,20,3,0.38,0.62,0.7
0,26860,106305,0,16,3,0.64,0.36,0.67
0,60803,60803,1,13,1,0.64,0.36,0.31
0,176603,32661,0,29,3,0.35,0.65,0.86
0,180670,18654,0,6,1,0.56,0.44,0.36
0,4820,179991,0,18,1,0.56,0.44,0.44
0,4820,179991,0,18,3,0.38,0.62,0.62
0,180638,179991,0,27,1,0.58,0.42,0.49
0,180637,180637,1,29,3,0.55,0.45,0.55
0,180637,106305,0,58,1,0.59,0.41,0.41
0,180637,180637,1,44,3,0.62,0.38,0.9
0,180637,180637,1,28,3,0.35,0.65,0.97
0,180631,180631,1,5,1,0.57,0.43,0.39
0,179298,179991,0,48,1,0.61,0.39,0.22
0,67445,67445,1,27,2,0.46,0.54,0.3
0,9487,32661,0,16,2,0.39,0.61,0.48
0,9487,9487,1,41,2,0.38,0.62,0.34
0,9487,9487,1,17,2,0.21,0.79,0.1
0,9487,32661,0,55,3,0.55,0.45,0.67
0,180576,179991,0,33,2,0.46,0.54,0.41
0,179339,179339,1,43,2,0.39,0.61,0.25
0,21704,21704,1,24,3,0.69,0.31,0.54
0,135989,18654,0,26,2,0.36,0.64,0.25
0,180563,9487,0,47,3,0.34,0.66,0.62
0,180563,9487,0,22,1,0.52,0.48,0.34
0,180563,9487,0,46,1,0.52,0.48,0.37
0,180563,180563,1,4,1,0.76,0.24,0.49
0,67777,32661,0,54,3,0.4,0.6,0.51
0,180537,106305,0,19,2,0.41,0.59,0.19
0,180537,106305,0,0,1,0.51,0.49,0.31
0,180537,106305,0,45,2,0.47,0.53,0.35
0,180529,179991,0,37,3,0.51,0.49,0.72
0,180529,179991,0,43,3,0.37,0.63,0.75
0,180529,32661,0,58,2,0.45,0.55,0.32
0,180529,180529,1,25,3,0.58,0.42,0.86
0,105732,106305,0,36,3,0.45,0.55,0.79
0,105732,18654,0,28,3,0.43,0.57,0.69
0,20286,8646,0,46,2,0.3,0.7,0.37
0,180521,9487,0,48,1,0.51,0.49,0.36
0,180521,180521,1,3,1,0.7,0.3,0.16
0,180215,32661,0,8,3,0.52,0.48,0.81
0,419,179991,0,11,1,0.6,0.4,0.35
0,8646,32661,0,49,2,0.45,0.55,0.2
0,180377,9487,0,37,1,0.51,0.49,0.37
0,71428,4631,0,57,3,0.54,0.46,0.54
0,71428,4631,0,46,3,0.49,0.51,0.6
0,179564,9487,0,3,2,0.44,0.56,0.44
0,179564,179564,1,31,2,0.3,0.7,0.19
0,179103,18654,0,48,3,0.53,0.47,0.6
0,179103,18654,0,4,3,0.53,0.47,0.6
0,180544,106305,0,30,2,0.45,0.55,0.33
0,123189,32661,0,25,2,0.45,0.55,0.32
0,180436,32661,0,34,2,0.39,0.61,0.16
0,180427,179991,0,7,3,0.47,0.53,0.87
0,180424,32661,0,2,2,0.47,0.53,0.37
0,188186,18654,0,33,2,0.41,0.59,0.37
0,188186,18654,0,8,2,0.45,0.55,0.25
0,170977,8646,0,53,2,0.48,0.52,0.41
0,180056,32661,0,8,2,0.27,0.73,0.41
0,180384,180384,1,58,3,0.41,0.59,0.55
0,180384,18654,0,34,3,0.5,0.5,0.78
0,187542,32661,0,5,3,0.49,0.51,0.6
0,180377,9487,0,42,1,0.64,0.36,0.44
0,180377,9487,0,0,2,0.45,0.55,0.44
0,21537,32661,0,5,1,0.63,0.37,0.47
0,24551,32661,0,56,2,0.28,0.72,0.4
0,24551,32661,0,45,2,0.25,0.75,0.17
0,334,32661,0,8,2,0.47,0.53,0.34
0,96413,32661,0,5,2,0.34,0.66,0.45
0,9490,32661,0,47,3,0.37,0.63,0.7
0,127668,9487,0,28,3,0.49,0.51,0.64
0,127668,127668,1,41,1,0.66,0.34,0.37
0,99028,32661,0,15,1,0.55,0.45,0.24
0,180240,106305,0,52,2,0.48,0.52,0.29
0,180240,106305,0,24,1,0.65,0.35,0.19
0,180240,32661,0,23,2,0.37,0.63,0.22
0,180240,180240,1,40,2,0.46,0.54,0.44
0,180219,8646,0,14,3,0.36,0.64,0.55
0,180201,32661,0,58,3,0.56,0.44,0.64
0,180201,32661,0,12,2,0.44,0.56,0.24
0,180201,32661,0,8,2,0.39,0.61,0.49
0,65233,9487,0,15,3,0.3,0.7,0.5
0,65233,65233,1,0,2,0.41,0.59,0.44
0,65233,18654,0,44,2,0.24,0.76,0.38
0,167837,106305,0,37,2,0.47,0.53,0.33
0,167837,167837,1,0,2,0.47,0.53,0.43
0,32918,8646,0,49,1,0.55,0.45,0.4
0,32918,8646,0,59,2,0.47,0.53,0.23
0,32918,32918,1,3,2,0.4,0.6,0.12
0,32918,8646,0,0,1,0.71,0.29,0.19
0,107694,9487,0,49,3,0.52,0.48,0.87
0,128562,8646,0,47,3,0.51,0.49,0.56
0,128562,128562,1,29,1,0.56,0.44,0.29
0,59951,32661,0,0,2,0.46,0.54,0.37
0,180120,32661,0,42,3,0.34,0.66,0.7
0,180120,32661,0,45,3,0.38,0.62,0.68
0,180120,32661,0,3,3,0.53,0.47,0.52
0,179595,32661,0,50,1,0.56,0.44,0.29
0,179595,179595,1,43,1,0.55,0.45,0.1
0,179595,179595,1,17,2,0.46,0.54,0.34
0,179595,179595,1,58,1,0.63,0.37,0.14
0,179876,8646,0,48,2,0.33,0.67,0.34
0,179557,179557,1,21,2,0.44,0.56,0.35
0,170748,170748,1,52,3,0.31,0.69,0.69
0,60349,60349,1,30,2,0.25,0.75,0.23
0,180056,32661,0,45,3,0.38,0.62,0.97
0,180056,180056,1,18,2,0.46,0.54,0.35
0,180054,9487,0,31,1,0.53,0.47,0.4
0,3702,18654,0,29,3,0.43,0.57,0.81
0,179501,178199,0,8,2,0.36,0.64,0.34
0,25416,25416,1,50,2,0.41,0.59,0.1
0,106305,8646,0,14,2,0.45,0.55,0.17
0,179294,106305,0,28,2,0.37,0.63,0.18
0,179991,106305,0,57,3,0.47,0.53,0.52
0,24188,32661,0,41,1,0.7,0.3,0.36
0,179595,8646,0,59,3,0.39,0.61,0.58
0,179595,8646,0,31,3,0.44,0.56,0.57
0,179595,179595,1,47,2,0.44,0.56,0.01
0,179595,8646,0,36,1,0.51,0.49,0.27
0,179595,179595,1,55,1,0.53,0.47,0.15
0,179595,8646,0,7,3,0.48,0.52,0.6
0,179595,179595,1,56,3,0.48,0.52,0.54
0,179595,179595,1,52,2,0.32,0.68,0.4
0,179595,106305,0,26,2,0.45,0.55,0.32
0,175833,175833,1,43,2,0.18,0.82,0.34
0,179992,32661,0,54,3,0.5,0.5,0.75
0,12174,12174,1,11,3,0.3,0.7,0.71
0,5839,5839,1,6,2,0.47,0.53,0.26
0,190081,32661,0,4,3,0.48,0.52,0.56
0,8646,32661,0,58,2,0.43,0.57,0.34
0,8646,106305,0,8,2,0.22,0.78,0.38
0,8646,106305,0,9,3,0.49,0.51,0.6
0,8646,8646,1,30,1,0.74,0.26,0.46
0,8646,8646,1,4,2,0.41,0.59,0.06
0,8646,8646,1,15,2,0.39,0.61,0.44
0,8646,8646,1,40,1,0.64,0.36,0.35
0,172482,172482,1,37,2,0.3,0.7,0.18
0,172482,172482,1,34,1,0.57,0.43,0.17
0,153888,9487,0,14,2,0.19,0.81,0.29
0,153888,9487,0,10,2,0.38,0.62,0.48
0,153888,9487,0,5,2,0.42,0.58,0.27
0,153888,32661,0,8,3,0.49,0.51,0.6
0,175369,175369,1,21,2,0.21,0.79,0.35
0,175369,175369,1,23,2,0.27,0.73,0.34
0,65664,32661,0,24,2,0.44,0.56,0.43
0,179913,106305,0,34,3,0.34,0.66,0.58
0,179913,106305,0,10,1,0.53,0.47,0.46
0,179913,106305,0,44,2,0.36,0.64,0.44
0,179889,32661,0,38,2,0.41,0.59,0.46
0,179889,32661,0,43,1,0.57,0.43,0.27
0,33133,32661,0,3,3,0.43,0.57,0.8
0,179886,8646,0,11,3,0.44,0.56,0.68
0,179147,9487,0,36,1,0.7,0.3,0.15
0,29007,32661,0,10,3,0.22,0.78,0.52
0,29093,8646,0,53,3,0.32,0.68,0.61
0,179858,8646,0,18,2,0.43,0.57,0.03
0,179837,179837,1,25,2,0.32,0.68,0.47
0,179837,106305,0,19,2,0.19,0.81,0.0
0,124644,32661,0,17,3,0.42,0.58,0.77
0,32918,9487,0,29,2,0.43,0.57,0.48
0,34564,8646,0,52,1,0.61,0.39,0.14
0,51858,9487,0,55,3,0.26,0.74,0.67
0,51858,51858,1,14,3,0.19,0.81,0.9
0,51858,9487,0,12,3,0.22,0.78,0.53
0,179333,106305,0,27,2,0.49,0.51,0.26
0,107911,107911,1,25,1,0.58,0.42,0.27
0,144483,32684,0,20,2,0.49,0.51,0.25
0,32661,106305,0,17,3,0.3,0.7,0.77
0,179501,106305,0,50,2,0.29,0.71,0.15
0,8956,32661,0,56,1,0.63,0.37,0.4
0,8956,18654,0,11,2,0.34,0.66,0.11
0,179730,32661,0,43,3,0.45,0.55,0.79
0,4661,32661,0,17,2,0.37,0.63,0.2
0,4661,32661,0,20,2,0.29,0.71,0.41
0,179764,179764,1,25,2,0.32,0.68,0.34
0,186220,106305,0,21,2,0.15,0.85,0.21
0,186220,186220,1,16,2,0.35,0.65,0.34
0,186220,106305,0,45,1,0.71,0.29,0.04
0,186220,106305,0,13,1,0.54,0.46,0.45
0,186220,186220,1,48,3,0.42,0.58,0.52
0,186220,106305,0,6,3,0.38,0.62,0.78
0,186220,106305,0,17,2,0.29,0.71,0.02
0,186220,8646,0,1,3,0.54,0.46,0.54
0,179671,32661,0,52,3,0.46,0.54,0.78
0,179648,9487,0,38,1,0.54,0.46,0.12
0,179648,179648,1,36,1,0.74,0.26,0.28
0,179648,9487,0,54,3,0.52,0.48,0.59
0,179636,8646,0,35,3,0.35,0.65,0.51
0,179636,8646,0,29,2,0.49,0.51,0.39
0,179636,8646,0,45,3,0.39,0.61,0.53
0,179967,32684,0,26,1,0.64,0.36,0.37
0,179967,32684,0,4,2,0.45,0.55,0.11
0,171128,171128,1,8,2,0.17,0.83,0.49
0,494,106305,0,53,2,0.2,0.8,0.34
0,190575,190575,1,16,1,0.59,0.41,0.27
0,179618,32661,0,7,3,0.51,0.49,0.64
0,179598,32661,0,58,1,0.61,0.39,0.38
0,179598,32661,0,20,3,0.52,0.48,0.51
0,179598,32661,0,59,1,0.52,0.48,0.49
0,177687,32661,0,41,2,0.32,0.68,0.34
0,22618,106305,0,10,2,0.32,0.68,0.34
0,22618,106305,0,12,2,0.43,0.57,0.43
0,190078,8646,0,51,2,0.37,0.63,0.47
0,190078,190078,1,19,1,0.58,0.42,0.22
0,190078,190078,1,18,1,0.68,0.32,0.21
0,190078,190078,1,36,3,0.44,0.56,0.53
0,176349,9487,0,4,2,0.43,0.57,0.34
1,179504,8646,0,16,3,0.51,0.49,0.53
0,179520,32661,0,35,3,0.37,0.63,0.56
0,179404,179404,1,27,2,0.33,0.67,0.33
0,179404,32661,0,10,1,0.53,0.47,0.19
0,179404,32661,0,20,2,0.26,0.74,0.32
0,179404,32661,0,1,1,0.65,0.35,0.2
0,179485,32661,0,2,3,0.45,0.55,0.67
0,179485,32661,0,18,3,0.26,0.74,0.62
0,4529,4529,1,45,2,0.34,0.66,0.3
0,170300,18654,0,5,3,0.45,0.55,0.76
0,170300,170300,1,18,1,0.74,0.26,0.42
0,170300,170300,1,39,2,0.38,0.62,0.33
0,5762,32661,0,50,3,0.48,0.52,0.54
0,5762,5762,1,20,2,0.44,0.56,0.29
0,5762,32661,0,15,2,0.27,0.73,0.04
0,5762,5762,1,17,2,0.23,0.77,0.25
0,179404,32661,0,40,2,0.47,0.53,0.38
0,137178,32661,0,40,3,0.56,0.44,0.56
0,179430,32661,0,39,3,0.49,0.51,0.6
0,23251,32661,0,46,2,0.42,0.58,0.45
0,142107,32661,0,6,3,0.61,0.39,0.65
0,142107,106305,0,10,1,0.57,0.43,0.22
0,180318,32661,0,26,3,0.42,0.58,0.6
1,53071,32661,0,16,3,0.48,0.52,0.52
0,174167,174167,1,20,3,0.4,0.6,0.59
0,174167,9487,0,58,1,0.58,0.42,0.26
0,179404,32661,0,53,2,0.26,0.74,0.26
0,179404,32661,0,44,1,0.61,0.39,0.23
0,179391,40586,0,49,2,0.45,0.55,0.04
0,179395,179395,1,58,2,0.33,0.67,0.38
0,179395,32661,0,40,2,0.35,0.65,0.23
0,179394,32661,0,12,3,0.43,0.57,0.58
0,179394,149642,0,45,2,0.41,0.59,0.11
0,179394,149642,0,56,2,0.34,0.66,0.34
0,179394,149642,0,6,2,0.27,0.73,0.3
0,179394,149642,0,30,2,0.32,0.68,0.33
0,179394,149642,0,29,2,0.36,0.64,0.17
0,179394,149642,0,38,1,0.75,0.25,0.17
0,179394,149642,0,51,2,0.4,0.6,0.22
0,179394,9487,0,10,2,0.36,0.64,0.19
0,179394,149642,0,21,2,0.42,0.58,0.34
0,179394,8646,0,52,3,0.46,0.54,0.51
0,179452,32661,0,17,3,0.52,0.48,0.51
0,29314,32661,0,42,3,0.39,0.61,0.56
0,29314,29314,1,28,2,0.41,0.59,0.16
0,29314,29314,1,21,3,0.54,0.46,0.8
0,29314,29314,1,45,1,0.8,0.2,0.31
0,89677,32661,0,41,2,0.3,0.7,0.18
0,89677,32661,0,22,3,0.46,0.54,0.77
0,61916,32661,0,8,3,0.35,0.65,0.65
0,176349,32661,0,41,2,0.48,0.52,0.27
0,179206,32661,0,2,2,0.42,0.58,0.34
0,8646,40586,0,29,2,0.36,0.64,0.42
0,8646,32661,0,24,2,0.46,0.54,0.2
0,8646,32661,0,55,3,0.46,0.54,0.6
0,89677,32661,0,10,1,0.51,0.49,0.43
0,89677,32661,0,13,3,0.32,0.68,0.81
0,89677,32661,0,59,2,0.39,0.61,0.44
0,194295,32661,0,8,3,0.51,0.49,0.64
0,194295,194295,1,2,2,0.11,0.89,0.11
0,194295,194295,1,3,3,0.2,0.8,0.67
0,194295,194295,1,43,3,0.54,0.46,0.53
0,179312,179312,1,14,2,0.3,0.7,0.11
0,40586,32661,0,15,2,0.33,0.67,0.37
0,40586,32661,0,8,2,0.46,0.54,0.37
0,40586,40586,1,57,1,0.55,0.45,0.19
0,40586,40586,1,5,2,0.4,0.6,0.09
0,40586,18654,0,29,3,0.53,0.47,0.73
0,40586,32661,0,52,2,0.22,0.78,0.34
0,40586,40586,1,40,2,0.47,0.53,0.31
0,40586,40586,1,47,3,0.46,0.54,0.68
0,40586,32661,0,1,2,0.42,0.58,0.36
0,40586,8646,0,53,2,0.27,0.73,0.01
0,40586,8646,0,23,2,0.4,0.6,0.34
0,40586,106305,0,34,3,0.49,0.51,0.6
0,40586,106305,0,51,1,0.66,0.34,0.28
0,40586,40586,1,52,2,0.48,0.52,0.12
0,40586,40586,1,50,2,0.27,0.73,0.33
0,40586,40586,1,57,3,0.77,0.23,0.66
0,40586,40586,1,13,2,0.31,0.69,0.06
0,40586,176349,0,56,2,0.39,0.61,0.11
0,40586,40586,1,54,2,0.48,0.52,0.1
0,40586,176349,0,58,2,0.36,0.64,0.09
0,40586,40586,1,1,3,0.51,0.49,0.64
0,179305,179305,1,57,3,0.51,0.49,0.54
0,65243,32684,0,15,2,0.46,0.54,0.01
0,118984,5762,0,4,1,0.59,0.41,0.34
0,118984,5762,0,15,1,0.55,0.45,0.0
0,176560,176560,1,34,3,0.33,0.67,0.91
0,179402,32661,0,48,2,0.29,0.71,0.28
0,39304,32661,0,48,2,0.38,0.62,0.39
0,106305,32661,0,41,2,0.32,0.68,0.34
0,106305,32661,0,36,2,0.45,0.55,0.39
0,9490,32661,0,26,3,0.33,0.67,0.6
0,176349,32661,0,47,3,0.45,0.55,0.71
0,149512,32661,0,10,3,0.46,0.54,0.85
0,179232,8646,0,30,2,0.37,0.63,0.38
0,96516,32661,0,2,1,0.71,0.29,0.11
0,176345,32661,0,57,3,0.39,0.61,0.52
0,176345,176345,1,2,1,0.65,0.35,0.34
0,179198,32661,0,16,2,0.33,0.67,0.44
0,179198,32661,0,48,2,0.47,0.53,0.47
0,179198,32661,0,55,3,0.38,0.62,0.57
0,180401,32661,0,17,1,0.57,0.43,0.26
0,175472,106305,0,14,1,0.53,0.47,0.41
0,81322,32661,0,48,1,0.53,0.47,0.38
0,81322,81322,1,55,1,0.55,0.45,0.25
0,104271,9487,0,10,2,0.45,0.55,0.44
0,179110,9487,0,22,2,0.48,0.52,0.22
0,179110,18654,0,54,1,0.59,0.41,0.47
0,152683,32661,0,10,3,0.42,0.58,0.69
0,179130,32661,0,10,2,0.48,0.52,0.38
0,21041,32661,0,34,3,0.39,0.61,0.71
0,21041,21041,1,15,2,0.45,0.55,0.26
0,21041,32661,0,34,2,0.28,0.72,0.19
0,21041,21041,1,31,2,0.43,0.57,0.35
0,178913,32661,0,16,2,0.23,0.77,0.34
0,183646,183646,1,57,2,0.29,0.71,0.16
0,179330,32661,0,36,2,0.44,0.56,0.37
0,179330,179330,1,5,1,0.59,0.41,0.46
0,187516,32661,0,49,1,0.51,0.49,0.34
0,179733,32661,0,3,2,0.46,0.54,0.46
0,179733,32661,0,9,3,0.32,0.68,0.72
0,179290,32684,0,19,2,0.32,0.68,0.08
0,176349,32661,0,20,1,0.53,0.47,0.34
0,98886,32661,0,12,3,0.37,0.63,0.56
0,195871,32661,0,19,2,0.44,0.56,0.34
0,52830,32661,0,37,3,0.37,0.63,0.56
0,52830,52830,1,21,1,0.52,0.48,0.38
0,152177,32661,0,59,2,0.39,0.61,0.41
0,152177,32661,0,31,2,0.41,0.59,0.22
0,178076,32661,0,16,3,0.68,0.32,0.74
0,108950,32661,0,30,2,0.3,0.7,0.38
0,117130,9487,0,57,3,0.67,0.33,0.79
0,117130,9487,0,46,1,0.75,0.25,0.4
0,117130,117130,1,18,2,0.45,0.55,0.19
0,195922,32661,0,53,1,0.51,0.49,0.42
0,160135,9487,0,9,2,0.42,0.58,0.33
0,160135,9487,0,29,2,0.44,0.56,0.24
0,160135,9487,0,35,3,0.5,0.5,0.71
0,151879,151879,1,14,2,0.36,0.64,0.06
0,22504,32661,0,28,2,0.35,0.65,0.23
0,179024,32661,0,47,3,0.4,0.6,0.52
0,51984,32661,0,53,1,0.54,0.46,0.27
0,51984,32661,0,27,1,0.8,0.2,0.32
0,47187,32661,0,9,2,0.44,0.56,0.43
0,47187,32661,0,40,3,0.43,0.57,0.71
1,32661,8646,0,15,2,0.25,0.75,0.28
0,178919,32661,0,22,2,0.36,0.64,0.47
0,178956,9487,0,53,3,0.47,0.53,0.57
0,178956,178956,1,51,2,0.37,0.63,0.36
0,176300,106305,0,57,1,0.7,0.3,0.31
0,178951,32661,0,18,3,0.51,0.49,0.56
0,178951,32661,0,21,3,0.51,0.49,0.55
0,113484,32661,0,26,1,0.58,0.42,0.38
0,9248,32684,0,5,3,0.56,0.44,0.84
0,175998,32684,0,45,2,0.29,0.71,0.17
0,175998,32684,0,55,2,0.26,0.74,0.2
0,175998,175998,1,48,2,0.18,0.82,0.25
0,175998,32684,0,31,3,0.41,0.59,0.64
0,175998,32684,0,58,2,0.33,0.67,0.3
0,155146,155146,1,23,2,0.44,0.56,0.34
0,170693,170693,1,39,1,0.51,0.49,0.21
1,170693,170693,1,33,2,0.2,0.8,0.34
1,170693,170693,1,26,3,0.39,0.61,0.73
0,178890,32661,0,50,3,0.52,0.48,0.52
0,178890,32661,0,38,2,0.26,0.74,0.14
0,179164,179164,1,22,3,0.5,0.5,0.73
0,179920,9487,0,49,2,0.48,0.52,0.45
0,65565,32661,0,11,2,0.47,0.53,0.41
0,197044,197044,1,45,2,0.27,0.73,0.22
0,178885,178885,1,17,2,0.4,0.6,0.11
0,170693,170693,1,33,1,0.61,0.39,0.13
0,15838,15838,1,55,2,0.34,0.66,0.02
0,115529,32661,0,15,1,0.51,0.49,0.4
0,2416,32661,0,37,2,0.34,0.66,0.37
0,2416,32661,0,23,1,0.56,0.44,0.36
0,2416,2416,1,15,2,0.46,0.54,0.21
0,48198,32684,0,34,2,0.49,0.51,0.38
0,48198,32684,0,47,3,0.44,0.56,0.68
0,8646,9487,0,32,2,0.27,0.73,0.06
0,8646,8646,1,15,2,0.45,0.55,0.46
0,8646,8646,1,46,2,0.3,0.7,0.0
0,8646,8646,1,35,2,0.16,0.84,0.2
0,8646,9487,0,19,2,0.44,0.56,0.48
0,8646,9487,0,43,2,0.22,0.78,0.17
0,8646,9487,0,6,1,0.67,0.33,0.21
0,150107,32661,0,13,2,0.44,0.56,0.49
0,175141,32661,0,43,3,0.31,0.69,0.56
0,54271,54271,1,29,2,0.37,0.63,0.43
0,54271,32661,0,6,3,0.48,0.52,0.76
0,54271,32661,0,58,3,0.56,0.44,0.61
0,176349,9487,0,46,2,0.46,0.54,0.39
0,195372,32661,0,57,2,0.28,0.72,0.17
0,3458,9487,0,35,2,0.35,0.65,0.34
0,178788,9487,0,57,1,0.73,0.27,0.35
0,178780,178780,1,26,1,0.6,0.4,0.17
0,178764,32661,0,55,3,0.37,0.63,0.7
0,178764,106305,0,33,2,0.48,0.52,0.41
0,20946,32661,0,6,2,0.4,0.6,0.34
0,20946,32661,0,54,3,0.48,0.52,0.57
0,178679,32661,0,36,1,0.53,0.47,0.03
0,178679,32661,0,55,2,0.31,0.69,0.36
0,178679,32661,0,41,2,0.23,0.77,0.02
0,178679,178679,1,17,2,0.33,0.67,0.11
0,8330,32661,0,5,1,0.56,0.44,0.34
0,8330,32661,0,48,2,0.34,0.66,0.01
0,8330,32661,0,8,3,0.42,0.58,0.7
0,178653,9487,0,5,2,0.47,0.53,0.41
0,175835,175835,1,13,1,0.53,0.47,0.34
0,176349,40586,0,52,3,0.34,0.66,0.68
0,176349,176349,1,49,3,0.61,0.39,0.58
0,199466,32661,0,43,2,0.27,0.73,0.42
0,185814,32661,0,39,2,0.27,0.73,0.34
0,128890,128890,1,55,1,0.66,0.34,0.15
0,22024,22024,1,17,1,0.52,0.48,0.17
0,43660,32661,0,11,1,0.65,0.35,0.49
0,151253,32661,0,16,2,0.49,0.51,0.38
0,151253,32661,0,30,2,0.21,0.79,0.21
0,151253,32661,0,21,1,0.52,0.48,0.36
0,29295,32661,0,2,2,0.37,0.63,0.45
0,200456,32661,0,2,3,0.32,0.68,0.73
0,178553,32661,0,33,2,0.37,0.63,0.09
0,178553,32661,0,3,3,0.58,0.42,0.68
0,178469,178469,1,31,3,0.55,0.45,0.85
0,178469,178469,1,26,1,0.55,0.45,0.2
0,172904,32661,0,13,1,0.52,0.48,0.24
0,200504,32661,0,58,3,0.5,0.5,0.61
0,200504,32661,0,55,3,0.47,0.53,0.69
0,200525,106305,0,30,2,0.25,0.75,0.34
0,5301,32661,0,25,3,0.67,0.33,0.76
0,108204,32661,0,10,2,0.42,0.58,0.42
0,108204,32661,0,31,3,0.54,0.46,0.52
0,108204,108204,1,52,1,0.72,0.28,0.13
0,108204,108204,1,53,2,0.28,0.72,0.38
0,108204,32661,0,24,2,0.29,0.71,0.18
0,108204,108204,1,59,2,0.26,0.74,0.47
0,108204,32661,0,57,1,0.64,0.36,0.37
0,108204,108204,1,10,2,0.35,0.65,0.1
0,108204,200560,0,52,3,0.38,0.62,0.61
0,114500,32661,0,54,1,0.52,0.48,0.34
0,17536,17536,1,5,3,0.23,0.77,0.57
0,178171,32661,0,29,2,0.5,0.5,0.33
0,178171,178171,1,38,2,0.29,0.71,0.09
0,178292,32661,0,50,3,0.52,0.48,0.55
0,175297,32661,0,16,1,0.58,0.42,0.48
0,172816,32661,0,13,2,0.32,0.68,0.33
0,172816,32661,0,7,2,0.22,0.78,0.18
0,178249,9487,0,51,2,0.36,0.64,0.01
0,178244,32661,0,5,2,0.23,0.77,0.47
0,178244,32661,0,24,2,0.48,0.52,0.49
0,178236,32661,0,51,2,0.33,0.67,0.47
0,43793,32661,0,25,2,0.49,0.51,0.18
0,178086,32661,0,31,3,0.37,0.63,0.68
0,178075,9487,0,29,2,0.31,0.69,0.4
0,126693,32661,0,59,3,0.26,0.74,0.72
0,126693,32661,0,26,2,0.5,0.5,0.41
0,126693,126693,1,49,1,0.63,0.37,0.36
0,126693,32661,0,23,1,0.53,0.47,0.22
0,159331,32661,0,40,2,0.43,0.57,0.36
0,81852,32661,0,51,3,0.56,0.44,0.51
0,81852,32661,0,32,2,0.47,0.53,0.34
0,81852,32661,0,40,3,0.51,0.49,0.55
0,175833,39781,0,54,2,0.34,0.66,0.34
0,175833,9698,0,12,1,0.57,0.43,0.44
0,18841,18841,1,4,3,0.63,0.37,0.53
0,19039,19039,1,57,3,0.56,0.44,0.55
0,177750,32684,0,0,1,0.54,0.46,0.04
0,145974,32661,0,46,2,0.45,0.55,0.34
0,145974,145974,1,25,2,0.42,0.58,0.27
0,145974,32661,0,16,3,0.51,0.49,0.5
0,175869,32661,0,28,1,0.51,0.49,0.44
0,78,32661,0,59,3,0.38,0.62,0.53
0,78,32661,0,7,2,0.42,0.58,0.09
0,3376,32661,0,9,2,0.33,0.67,0.19
1,2939,32661,0,24,1,0.56,0.44,0.43
0,177566,32684,0,46,2,0.5,0.5,0.26
0,48864,9487,0,14,2,0.46,0.54,0.5
0,48864,9487,0,58,1,0.56,0.44,0.3
0,32918,32661,0,41,3,0.42,0.58,0.73
0,30568,32661,0,50,2,0.3,0.7,0.0
0,105381,32661,0,25,2,0.31,0.69,0.3
0,34188,9487,0,8,3,0.33,0.67,0.73
0,177410,32661,0,46,2,0.22,0.78,0.05
0,177410,177410,1,30,1,0.52,0.48,0.49
0,177410,32661,0,4,2,0.24,0.76,0.27
0,177410,32661,0,36,3,0.28,0.72,0.54
0,177410,9487,0,19,3,0.34,0.66,0.75
0,177405,177405,1,28,2,0.26,0.74,0.2
0,143662,40586,0,29,2,0.47,0.53,0.47
0,85475,32684,0,47,1,0.61,0.39,0.23
0,85475,85475,1,56,1,0.5,0.5,0.25
0,85475,9487,0,8,2,0.45,0.55,0.38
0,202589,9487,0,56,2,0.37,0.63,0.4
0,153142,32661,0,36,3,0.67,0.33,0.62
0,28051,9487,0,11,1,0.51,0.49,0.4
0,73214,32661,0,36,2,0.45,0.55,0.35
0,177255,32661,0,59,2,0.46,0.54,0.38
0,128669,32661,0,58,2,0.23,0.77,0.01
0,19947,32661,0,8,2,0.36,0.64,0.39
0,19947,19947,1,54,2,0.34,0.66,0.35
0,19947,19947,1,27,1,0.55,0.45,0.34
0,178889,178889,1,30,3,0.31,0.69,0.52
0,176076,9487,0,36,2,0.34,0.66,0.17
0,177110,32684,0,9,3,0.34,0.66,0.7
0,177110,177110,1,55,3,0.13,0.87,0.67
0,177110,32661,0,11,2,0.28,0.72,0.38
0,176349,32684,0,24,2,0.34,0.66,0.11
0,71446,32661,0,21,1,0.59,0.41,0.39
0,71446,32661,0,40,2,0.45,0.55,0.43
0,68033,9487,0,5,3,0.52,0.48,0.55
0,200552,9487,0,27,2,0.42,0.58,0.1
0,200552,32661,0,34,3,0.5,0.5,0.54
0,9722,32661,0,51,3,0.55,0.45,0.67
0,9722,32661,0,30,2,0.34,0.66,0.3
1,71905,32661,0,26,3,0.53,0.47,0.59
1,71905,175835,0,13,2,0.44,0.56,0.27
0,33525,32684,0,49,3,0.31,0.69,0.77
0,33525,32684,0,55,2,0.43,0.57,0.27
0,176967,18654,0,59,2,0.44,0.56,0.35
0,176967,32684,0,46,2,0.47,0.53,0.24
0,178137,32684,0,34,2,0.46,0.54,0.35
0,200429,32661,0,51,2,0.44,0.56,0.42
0,178142,32661,0,38,2,0.39,0.61,0.35
0,176944,32661,0,16,2,0.39,0.61,0.38
0,173034,32661,0,26,1,0.5,0.5,0.47
0,204552,32661,0,12,2,0.44,0.56,0.29
0,176863,32661,0,29,2,0.37,0.63,0.35
0,163471,32661,0,17,2,0.28,0.72,0.33
0,176829,32661,0,38,2,0.35,0.65,0.21
0,85475,32661,0,58,3,0.45,0.55,0.7
0,85475,9487,0,10,3,0.26,0.74,0.51
0,204552,204552,1,6,2,0.27,0.73,0.18
0,176815,32661,0,10,2,0.16,0.84,0.23
0,176815,176815,1,15,3,0.52,0.48,0.6
0,588,32661,0,18,3,0.37,0.63,0.7
0,24167,32661,0,56,2,0.32,0.68,0.39
0,35488,32661,0,1,2,0.28,0.72,0.32
0,179452,179452,1,31,2,0.5,0.5,0.46
0,143568,143568,1,52,2,0.19,0.81,0.21
1,3681,32661,0,4,1,0.53,0.47,0.18
0,152585,32661,0,50,2,0.35,0.65,0.05
0,176693,32661,0,6,2,0.28,0.72,0.31
0,174968,32661,0,32,3,0.26,0.74,0.57
0,174968,32661,0,41,1,0.64,0.36,0.35
0,28268,28268,1,29,3,0.15,0.85,0.59
0,20950,32684,0,35,2,0.33,0.67,0.29
0,57481,32661,0,29,1,0.62,0.38,0.36
0,68033,32661,0,2,3,0.53,0.47,0.57
0,68033,68033,1,42,2,0.2,0.8,0.01
0,68033,32661,0,16,2,0.25,0.75,0.44
0,68033,32661,0,9,2,0.28,0.72,0.17
0,176703,106305,0,16,1,0.57,0.43,0.2
0,176703,106305,0,22,2,0.34,0.66,0.28
0,176703,176703,1,28,3,0.56,0.44,0.88
0,176703,176703,1,14,1,0.53,0.47,0.34
0,176703,106305,0,5,1,0.68,0.32,0.28
0,176703,9487,0,20,2,0.49,0.51,0.49
0,176703,106305,0,49,2,0.48,0.52,0.25
0,176703,106305,0,17,2,0.29,0.71,0.18
0,178085,32661,0,44,2,0.5,0.5,0.41
0,8607,32661,0,26,2,0.31,0.69,0.46
0,8607,145271,0,27,3,0.38,0.62,0.68
0,176684,32661,0,49,2,0.25,0.75,0.34
0,50453,32661,0,43,3,0.44,0.56,0.51
0,50453,50453,1,3,2,0.21,0.79,0.14
0,106092,32661,0,3,2,0.46,0.54,0.38
0,106092,32661,0,52,3,0.37,0.63,0.7
0,106092,106092,1,8,2,0.32,0.68,0.11
0,176349,176349,1,37,1,0.67,0.33,0.41
0,21908,21908,1,36,2,0.28,0.72,0.26
0,181439,32684,0,12,2,0.41,0.59,0.12
0,181439,32684,0,41,1,0.75,0.25,0.2
0,176535,176535,1,37,2,0.3,0.7,0.37
0,176535,176535,1,1,1,0.75,0.25,0.32
0,28072,32661,0,41,3,0.32,0.68,0.73
0,150850,150850,1,17,3,0.51,0.49,0.53
0,28698,28698,1,11,2,0.21,0.79,0.23
0,28698,28698,1,57,1,0.5,0.5,0.38
0,176617,32661,0,22,3,0.39,0.61,0.61
0,176617,32661,0,52,3,0.42,0.58,0.68
0,175584,32661,0,16,2,0.35,0.65,0.36
0,175584,32661,0,52,1,0.51,0.49,0.4
0,180823,32661,0,29,2,0.34,0.66,0.37
0,176535,32661,0,56,2,0.29,0.71,0.34
0,20654,20654,1,31,2,0.36,0.64,0.2
0,20654,32684,0,30,2,0.29,0.71,0.17
0,8393,32661,0,4,3,0.38,0.62,0.55
0,8393,32661,0,53,3,0.33,0.67,0.82
0,8393,8393,1,3,2,0.5,0.5,0.27
0,67201,32661,0,13,1,0.62,0.38,0.4
0,57481,32661,0,32,1,0.51,0.49,0.35
0,176349,175835,0,13,3,0.52,0.48,0.52
0,176349,32661,0,10,2,0.39,0.61,0.27
0,176349,32661,0,23,2,0.29,0.71,0.09
0,176349,176349,1,23,2,0.4,0.6,0.0
0,50520,32684,0,24,2,0.44,0.56,0.45
0,178817,32661,0,4,2,0.38,0.62,0.18
0,178817,32661,0,46,2,0.42,0.58,0.47
0,178817,32661,0,0,2,0.28,0.72,0.02
0,200525,32684,0,27,1,0.53,0.47,0.17
0,200525,200525,1,23,1,0.6,0.4,0.31
0,200525,200525,1,13,2,0.48,0.52,0.31
0,200525,200525,1,51,2,0.48,0.52,0.22
0,200525,32684,0,41,1,0.64,0.36,0.07
0,200525,200525,1,11,2,0.46,0.54,0.25
0,23079,32661,0,31,2,0.29,0.71,0.48
0,176375,32684,0,9,3,0.53,0.47,0.65
0,177089,32684,0,32,2,0.43,0.57,0.25
0,100182,32684,0,47,2,0.35,0.65,0.35
0,176353,32684,0,54,2,0.28,0.72,0.36
0,176366,32661,0,36,2,0.41,0.59,0.4
0,1871,32661,0,29,2,0.36,0.64,0.41
0,205747,32661,0,26,2,0.41,0.59,0.4
0,205747,9487,0,12,2,0.37,0.63,0.29
0,205747,9487,0,50,2,0.49,0.51,0.1
0,205747,205747,1,57,2,0.29,0.71,0.42
0,205747,9487,0,22,3,0.54,0.46,0.56
0,205747,205747,1,34,2,0.48,0.52,0.13
0,205747,9487,0,29,2,0.3,0.7,0.46
0,3681,32684,0,54,2,0.39,0.61,0.36
0,29334,32684,0,53,2,0.47,0.53,0.25
0,176053,176053,1,10,2,0.48,0.52,0.39
0,83495,32684,0,47,2,0.37,0.63,0.41
0,176206,176366,0,58,2,0.2,0.8,0.07
0,176119,32661,0,23,1,0.73,0.27,0.12
0,179503,32661,0,54,3,0.39,0.61,0.72
0,19249,32661,0,55,2,0.33,0.67,0.1
0,19249,206203,0,8,2,0.46,0.54,0.0
0,29659,176957,0,26,2,0.24,0.76,0.36
0,53535,30535,0,36,2,0.41,0.59,0.17
0,175773,32661,0,58,2,0.38,0.62,0.34
0,175531,32661,0,13,2,0.37,0.63,0.35
0,197466,32684,0,17,2,0.43,0.57,0.39
0,197466,32684,0,6,1,0.66,0.34,0.29
0,46392,32661,0,25,3,0.53,0.47,0.54
0,19963,32661,0,46,1,0.57,0.43,0.18
0,175880,32661,0,22,2,0.42,0.58,0.37
0,175880,32661,0,37,3,0.49,0.51,0.67
0,175880,32661,0,18,3,0.53,0.47,0.68
0,175880,32661,0,29,2,0.42,0.58,0.19
0,175880,32661,0,45,3,0.55,0.45,0.71
0,17201,17201,1,25,2,0.22,0.78,0.3
0,175810,32661,0,18,3,0.43,0.57,0.5
0,28072,28072,1,49,2,0.26,0.74,0.34
0,174401,9487,0,17,3,0.61,0.39,0.78
0,174401,9487,0,45,1,0.58,0.42,0.05
0,174401,9487,0,16,3,0.33,0.67,0.72
0,174401,174401,1,36,2,0.48,0.52,0.3
0,174401,174401,1,18,3,0.19,0.81,0.58
0,174401,174401,1,43,2,0.47,0.53,0.39
0,175722,32661,0,37,2,0.4,0.6,0.37
0,21934,180343,0,12,2,0.45,0.55,0.14
0,22324,32684,0,22,2,0.43,0.57,0.36
0,175654,32661,0,57,2,0.39,0.61,0.47
0,175636,32661,0,7,2,0.31,0.69,0.35
0,39384,175584,0,32,3,0.7,0.3,0.76
0,175530,32661,0,11,2,0.41,0.59,0.4
0,9675,32661,0,1,2,0.35,0.65,0.36
0,175525,32661,0,15,2,0.42,0.58,0.37
0,16282,32661,0,21,2,0.27,0.73,0.36
0,16282,174938,0,46,1,0.75,0.25,0.17
0,86005,86005,1,24,3,0.34,0.66,0.96
0,175297,32661,0,43,2,0.47,0.53,0.41
0,175297,32661,0,28,2,0.39,0.61,0.34
0,175297,32661,0,56,2,0.28,0.72,0.34
0,175417,32661,0,33,2,0.35,0.65,0.35
0,175312,209499,0,33,2,0.41,0.59,0.48
0,172624,18654,0,10,1,0.62,0.38,0.32
0,175125,32684,0,34,2,0.37,0.63,0.39
0,17332,18654,0,10,1,0.58,0.42,0.37
0,17332,18654,0,2,3,0.59,0.41,0.83
0,17332,18654,0,44,3,0.29,0.71,0.67
0,17332,18654,0,2,1,0.66,0.34,0.32
0,111363,8646,0,38,1,0.57,0.43,0.39
0,174750,174750,1,59,2,0.45,0.55,0.44
0,174750,18654,0,2,2,0.25,0.75,0.35
0,174750,174750,1,5,3,0.33,0.67,0.61
0,174750,8646,0,40,2,0.34,0.66,0.38
0,174750,8646,0,4,3,0.41,0.59,0.6
0,174750,8646,0,14,1,0.56,0.44,0.34
0,174750,8646,0,2,2,0.35,0.65,0.38
0,174750,174750,1,54,2,0.2,0.8,0.1
0,174750,8646,0,14,3,0.63,0.37,0.76
0,174750,18654,0,34,2,0.36,0.64,0.35
0,174750,32661,0,22,3,0.48,0.52,0.71
0,174750,174750,1,20,2,0.47,0.53,0.26
0,174750,174750,1,43,2,0.41,0.59,0.38
0,174750,32661,0,31,2,0.37,0.63,0.24
0,174750,174750,1,46,2,0.3,0.7,0.34
0,174750,174750,1,2,2,0.48,0.52,0.04
0,174750,174750,1,1,3,0.53,0.47,0.53
0,174750,174750,1,40,2,0.29,0.71,0.46
0,174750,9487,0,27,1,0.62,0.38,0.22
0,174750,9487,0,23,3,0.48,0.52,0.6
0,174750,174750,1,36,3,0.52,0.48,0.57
0,174750,174750,1,43,2,0.35,0.65,0.17
0,29410,18654,0,51,2,0.16,0.84,0.2
0,180879,8646,0,55,1,0.59,0.41,0.4
0,180879,179501,0,46,2,0.3,0.7,0.35
0,180879,179501,0,29,2,0.34,0.66,0.19
0,180879,179501,0,6,3,0.44,0.56,0.8
0,32894,26299,0,53,2,0.17,0.83,0.18
0,20658,18654,0,43,2,0.27,0.73,0.18
0,9815,18654,0,25,2,0.38,0.62,0.35
0,60220,18654,0,2,3,0.44,0.56,0.68
0,106305,8646,0,41,2,0.45,0.55,0.38
0,106305,106305,1,17,1,0.52,0.48,0.18
0,106305,8646,0,40,2,0.23,0.77,0.07
0,33253,18654,0,24,2,0.36,0.64,0.49
0,181377,8646,0,39,3,0.39,0.61,0.53
0,181377,18654,0,39,3,0.38,0.62,0.97
0,32661,8646,0,19,3,0.49,0.51,0.6
0,179501,8646,0,34,2,0.4,0.6,0.42
0,179501,8646,0,11,1,0.5,0.5,0.15
0,179501,8646,0,48,1,0.61,0.39,0.24
0,179501,179501,1,33,3,0.57,0.43,0.68
0,179501,179501,1,57,2,0.23,0.77,0.31
0,179501,179501,1,26,1,0.64,0.36,0.34
0,173578,173578,1,20,3,0.64,0.36,0.65
0,184342,18654,0,59,2,0.25,0.75,0.35
0,20581,8646,0,5,2,0.41,0.59,0.22
0,51858,9487,0,41,1,0.58,0.42,0.14
0,106305,8646,0,23,2,0.32,0.68,0.29
0,106305,106305,1,49,2,0.22,0.78,0.39
0,8646,18654,0,55,2,0.42,0.58,0.34
0,8646,106305,0,59,2,0.29,0.71,0.19
0,8646,32661,0,47,1,0.59,0.41,0.05
0,32661,9487,0,11,2,0.42,0.58,0.35
0,48239,18654,0,2,2,0.45,0.55,0.39
0,181474,18654,0,11,3,0.42,0.58,0.56
0,181474,18654,0,53,2,0.18,0.82,0.15
0,181474,18654,0,45,2,0.39,0.61,0.25
0,181474,181474,1,50,2,0.34,0.66,0.45
0,9487,9487,1,52,2,0.33,0.67,0.28
0,9487,9487,1,58,2,0.37,0.63,0.18
0,181505,18654,0,58,1,0.61,0.39,0.49
0,181505,18654,0,19,2,0.26,0.74,0.09
0,181505,181505,1,59,1,0.63,0.37,0.36
0,181505,181505,1,51,3,0.48,0.52,0.97
0,181505,181505,1,11,1,0.68,0.32,0.4
0,181505,181505,1,9,1,0.71,0.29,0.32
0,181505,18654,0,32,3,0.35,0.65,0.81
0,215087,8646,0,10,2,0.3,0.7,0.33
0,215087,8646,0,29,2,0.42,0.58,0.21
0,179501,106305,0,26,2,0.33,0.67,0.2
0,179501,179501,1,29,1,0.68,0.32,0.1
0,179501,179501,1,25,3,0.21,0.79,0.69
0,179501,106305,0,42,3,0.47,0.53,0.61
0,179501,179501,1,10,2,0.21,0.79,0.14
0,179501,106305,0,7,3,0.46,0.54,0.6
0,179501,106305,0,7,2,0.25,0.75,0.34
1,175188,32661,0,38,2,0.37,0.63,0.04
0,2465,18654,0,12,2,0.44,0.56,0.48
0,2465,179501,0,42,2,0.46,0.54,0.41
0,2465,18654,0,28,1,0.53,0.47,0.35
0,36611,8646,0,8,3,0.35,0.65,0.54
0,36611,36611,1,8,3,0.4,0.6,0.89
0,36611,36611,1,1,3,0.52,0.48,0.6
0,36611,36611,1,10,3,0.47,0.53,0.78
0,86386,18654,0,5,2,0.44,0.56,0.34
0,86386,18654,0,36,2,0.46,0.54,0.16
0,86386,86386,1,18,1,0.76,0.24,0.27
0,110500,18654,0,35,1,0.52,0.48,0.44
0,110500,110500,1,8,2,0.4,0.6,0.19
0,110500,110500,1,3,1,0.61,0.39,0.3
0,110500,110500,1,49,2,0.37,0.63,0.35
0,181274,18654,0,58,3,0.56,0.44,0.51
0,11567,8646,0,28,2,0.4,0.6,0.01
0,11567,8646,0,39,3,0.52,0.48,0.65
0,11567,11567,1,58,2,0.33,0.67,0.17
0,11567,9487,0,33,2,0.22,0.78,0.12
0,11567,9487,0,27,2,0.46,0.54,0.32
0,11567,11567,1,36,2,0.43,0.57,0.46
0,11567,18654,0,24,2,0.41,0.59,0.4
0,11567,18654,0,43,1,0.5,0.5,0.48
0,45165,18654,0,59,3,0.56,0.44,0.51
0,45165,18654,0,28,2,0.48,0.52,0.38
0,45165,18654,0,23,1,0.55,0.45,0.09
0,45165,45165,1,34,2,0.29,0.71,0.3
0,9487,8646,0,41,2,0.42,0.58,0.41
0,9487,9487,1,50,2,0.27,0.73,0.42
0,181246,18654,0,3,1,0.54,0.46,0.39
0,181246,18654,0,32,3,0.6,0.4,0.67
0,181246,181246,1,27,1,0.6,0.4,0.22
0,181246,181246,1,7,1,0.58,0.42,0.39
0,180243,179501,0,47,3,0.62,0.38,0.69
0,180243,8646,0,35,2,0.47,0.53,0.47
0,180243,8646,0,58,3,0.41,0.59,0.74
0,180243,179501,0,11,1,0.69,0.31,0.13
0,180243,179501,0,52,2,0.3,0.7,0.17
0,180243,180243,1,34,3,0.41,0.59,0.52
0,180243,180243,1,4,2,0.33,0.67,0.36
1,179501,32661,0,24,2,0.48,0.52,0.35
1,179501,179501,1,31,1,0.74,0.26,0.31
0,181235,179991,0,49,3,0.34,0.66,0.61
0,181200,18654,0,14,1,0.63,0.37,0.24
0,181200,181200,1,6,2,0.43,0.57,0.36
0,181200,181200,1,22,3,0.77,0.23,0.75
0,181200,18654,0,26,2,0.5,0.5,0.41
0,181200,181200,1,33,1,0.55,0.45,0.46
0,181200,18654,0,42,3,0.39,0.61,0.76
0,181103,18654,0,8,1,0.53,0.47,0.16
0,181103,18654,0,17,2,0.5,0.5,0.18
0,34490,179991,0,17,3,0.5,0.5,0.79
0,175318,18654,0,57,3,0.56,0.44,0.51
0,175318,175318,1,35,3,0.53,0.47,0.58
1,18654,18654,1,30,2,0.26,0.74,0.34
1,18654,18654,1,8,2,0.5,0.5,0.17
1,18654,18654,1,21,3,0.46,0.54,0.6
1,18654,106305,0,8,2,0.22,0.78,0.0
1,18654,106305,0,11,1,0.52,0.48,0.09
1,18654,32661,0,38,2,0.44,0.56,0.37
1,18654,18654,1,17,1,0.6,0.4,0.45
0,179595,106305,0,46,2,0.26,0.74,0.32
0,179595,106305,0,5,2,0.3,0.7,0.26
0,179595,106305,0,49,1,0.51,0.49,0.34
0,180983,18654,0,51,3,0.51,0.49,0.68
0,180983,180983,1,24,1,0.56,0.44,0.35
0,27109,27109,1,52,2,0.18,0.82,0.14
0,27109,27109,1,29,2,0.33,0.67,0.16
0,24824,179501,0,15,2,0.44,0.56,0.39
0,180801,180801,1,41,2,0.41,0.59,0.41
0,48190,8646,0,9,1,0.51,0.49,0.25
0,105346,179991,0,22,1,0.52,0.48,0.45
0,105346,105346,1,0,2,0.45,0.55,0.24
0,180756,8646,0,30,2,0.45,0.55,0.35
0,180756,180756,1,28,2,0.27,0.73,0.25
0,180756,180756,1,41,2,0.44,0.56,0.17
0,152917,152917,1,15,3,0.33,0.67,0.82
0,9487,32661,0,31,2,0.4,0.6,0.11
0,9487,9487,1,49,3,0.24,0.76,0.92
0,9487,32661,0,7,1,0.57,0.43,0.42
0,9487,9487,1,51,1,0.62,0.38,0.28
0,9487,8646,0,57,3,0.48,0.52,0.6
0,5762,18654,0,59,3,0.43,0.57,0.5
0,190078,32661,0,11,1,0.66,0.34,0.23
0,190078,190078,1,40,1,0.52,0.48,0.38
0,101061,179991,0,27,2,0.33,0.67,0.33
0,33159,18654,0,19,3,0.56,0.44,0.57
0,55039,55039,1,2,1,0.57,0.43,0.38
0,55039,18654,0,48,3,0.62,0.38,0.56
0,55039,18654,0,23,2,0.5,0.5,0.4
0,180504,179991,0,22,2,0.35,0.65,0.34
0,180504,18654,0,27,3,0.61,0.39,0.63
0,175835,18654,0,33,3,0.31,0.69,0.77
0,24808,179501,0,58,1,0.56,0.44,0.29
0,24808,179501,0,8,2,0.43,0.57,0.24
0,180343,32661,0,29,3,0.44,0.56,0.51
0,68590,68590,1,26,2,0.26,0.74,0.02
0,178542,178542,1,57,2,0.25,0.75,0.32
0,9487,8646,0,54,2,0.41,0.59,0.17
0,9487,8646,0,57,3,0.47,0.53,0.77
0,179595,8646,0,36,2,0.27,0.73,0.36
0,8646,32661,0,32,2,0.38,0.62,0.36
0,8646,8646,1,0,3,0.56,0.44,0.5
0,8646,8646,1,30,2,0.36,0.64,0.08
0,8646,8646,1,40,2,0.44,0.56,0.38
0,179994,32661,0,35,1,0.51,0.49,0.28
1,106305,8646,0,16,1,0.53,0.47,0.44
1,106305,8646,0,47,3,0.52,0.48,0.83
1,106305,106305,1,33,2,0.35,0.65,0.34
1,106305,8646,0,46,3,0.37,0.63,0.63
1,106305,8646,0,32,2,0.43,0.57,0.25
1,106305,8646,0,41,2,0.35,0.65,0.22
1,106305,8646,0,37,3,0.57,0.43,0.57
1,106305,106305,1,55,2,0.48,0.52,0.23
1,106305,106305,1,3,2,0.38,0.62,0.28
1,106305,106305,1,12,1,0.7,0.3,0.16
1,106305,106305,1,34,2,0.46,0.54,0.35
1,106305,8646,0,42,1,0.63,0.37,0.36
1,106305,106305,1,13,1,0.64,0.36,0.33
1,106305,8646,0,30,1,0.62,0.38,0.24
0,179250,9487,0,38,2,0.45,0.55,0.08
0,179250,9487,0,38,1,0.66,0.34,0.29
0,9550,9550,1,28,3,0.23,0.77,0.86
0,9550,18654,0,52,3,0.45,0.55,0.7
0,9550,106305,0,30,1,0.57,0.43,0.17
0,106305,106305,1,32,2,0.31,0.69,0.15
0,106305,106305,1,32,2,0.46,0.54,0.29
0,106305,32661,0,35,2,0.45,0.55,0.19
0,178851,32661,0,56,2,0.34,0.66,0.45
0,178819,32661,0,21,3,0.49,0.51,0.55
0,29261,48821,0,21,3,0.39,0.61,0.82
0,37621,32661,0,21,3,0.27,0.73,0.73
0,178826,178826,1,59,2,0.38,0.62,0.31
0,178831,32661,0,4,2,0.4,0.6,0.4
0,178831,32661,0,50,3,0.54,0.46,0.6
0,178875,178875,1,55,2,0.26,0.74,0.35
0,178875,178875,1,8,1,0.55,0.45,0.41
0,178821,32661,0,19,1,0.61,0.39,0.44
0,71446,32661,0,55,3,0.37,0.63,0.7
0,71446,32661,0,7,3,0.37,0.63,0.7
0,71446,32661,0,0,3,0.61,0.39,0.58
0,150134,9487,0,30,2,0.37,0.63,0.0
0,3377,32661,0,18,1,0.59,0.41,0.37
0,33130,32661,0,24,2,0.49,0.51,0.42
0,51896,9487,0,52,2,0.23,0.77,0.47
0,51896,9487,0,30,2,0.3,0.7,0.44
0,51896,78961,0,21,2,0.45,0.55,0.4
0,106305,32684,0,20,3,0.51,0.49,0.91
0,30438,106305,0,14,2,0.4,0.6,0.34
0,177758,177758,1,15,3,0.4,0.6,0.93
0,176349,9487,0,27,2,0.25,0.75,0.15
0,175642,32684,0,31,2,0.21,0.79,0.28
0,20946,32661,0,8,3,0.52,0.48,0.57
0,20946,32661,0,18,1,0.61,0.39,0.17
0,20946,20946,1,32,1,0.55,0.45,0.35
0,413998,413998,1,14,2,0.36,0.64,0.33
0,413998,413998,1,10,1,0.53,0.47,0.26
0,413998,18654,0,39,2,0.23,0.77,0.19
0,178495,18654,0,18,2,0.42,0.58,0.38
0,178495,178495,1,53,3,0.64,0.36,0.67
0,178495,9487,0,26,2,0.22,0.78,0.01
0,178495,178495,1,26,3,0.21,0.79,0.64
0,178495,178495,1,52,2,0.26,0.74,0.36
0,178495,18654,0,37,3,0.56,0.44,0.8
0,178495,178495,1,19,2,0.39,0.61,0.3
0,190984,18654,0,30,3,0.49,0.51,0.63
0,190984,9487,0,43,2,0.49,0.51,0.46
0,181505,9487,0,6,2,0.3,0.7,0.35
0,181505,18654,0,52,2,0.5,0.5,0.19
0,57481,8646,0,0,1,0.65,0.35,0.36
0,179501,8646,0,52,3,0.47,0.53,0.89
0,100142,18654,0,59,1,0.56,0.44,0.49
0,19963,19963,1,23,3,0.53,0.47,0.51
0,19963,19963,1,55,3,0.53,0.47,0.51
0,8646,18654,0,31,1,0.51,0.49,0.34
0,8646,9487,0,6,2,0.32,0.68,0.42
0,8646,8646,1,59,3,0.35,0.65,0.66
0,8646,179501,0,56,3,0.22,0.78,0.53
0,8646,179501,0,57,1,0.63,0.37,0.29
0,53927,18654,0,35,2,0.43,0.57,0.37
0,53927,18654,0,56,1,0.53,0.47,0.43
0,53927,53927,1,45,1,0.53,0.47,0.49
0,32661,32661,1,19,2,0.27,0.73,0.34
0,156382,18654,0,16,2,0.26,0.74,0.04
0,173659,173659,1,26,2,0.46,0.54,0.2
0,175577,18654,0,47,3,0.44,0.56,0.63
0,8646,8646,1,6,1,0.5,0.5,0.49
0,175577,18654,0,21,3,0.6,0.4,0.83
0,175577,175577,1,16,2,0.48,0.52,0.23
0,123872,18654,0,46,1,0.51,0.49,0.44
0,123872,18654,0,6,3,0.43,0.57,0.56
0,8633,8633,1,31,3,0.51,0.49,0.53
0,123872,123872,1,33,2,0.42,0.58,0.45
0,8646,32661,0,14,2,0.18,0.82,0.27
0,180259,9487,0,29,2,0.33,0.67,0.43
0,124175,18654,0,1,2,0.44,0.56,0.38
0,124175,124175,1,51,2,0.28,0.72,0.17
0,196009,18654,0,45,2,0.48,0.52,0.43
0,125893,32661,0,11,2,0.33,0.67,0.17
0,180959,8646,0,22,2,0.49,0.51,0.44
0,180959,8646,0,53,1,0.85,0.15,0.14
0,77745,18654,0,43,3,0.62,0.38,0.52
0,111363,32661,0,10,3,0.32,0.68,0.66
0,9487,8646,0,38,2,0.28,0.72,0.19
0,9487,32661,0,13,2,0.48,0.52,0.34
0,9487,8646,0,17,2,0.19,0.81,0.12
0,9487,8646,0,39,2,0.34,0.66,0.17
0,9487,9487,1,24,2,0.24,0.76,0.08
0,235627,18654,0,26,2,0.4,0.6,0.43
0,30568,18654,0,36,3,0.53,0.47,0.6
0,30568,18654,0,56,3,0.54,0.46,0.6
0,30568,18654,0,52,1,0.54,0.46,0.23
1,179501,8646,0,57,1,0.54,0.46,0.04
1,179501,8646,0,44,1,0.61,0.39,0.17
1,179501,179501,1,34,3,0.23,0.77,0.68
0,506657,8646,0,15,2,0.38,0.62,0.07
0,506657,506657,1,19,2,0.35,0.65,0.18
0,506657,506657,1,27,2,0.5,0.5,0.31
0,506657,506657,1,49,1,0.53,0.47,0.36
0,506657,179501,0,4,2,0.26,0.74,0.32
0,506657,32661,0,27,3,0.39,0.61,0.53
0,112654,18654,0,29,1,0.65,0.35,0.31
0,32661,18654,0,9,2,0.32,0.68,0.13
0,180766,8646,0,18,2,0.4,0.6,0.34
0,28840,28840,1,0,3,0.51,0.49,0.53
0,83597,83597,1,41,2,0.3,0.7,0.29
