0,955,155842,0,36,2,0.28,0.72,0.17
0,955,155842,0,22,3,0.55,0.45,0.7
0,955,155842,0,32,1,0.53,0.47,0.41
0,955,155195,0,15,1,0.5,0.5,0.39
0,955,155195,0,34,2,0.5,0.5,0.48
0,955,955,1,2,1,0.58,0.42,0.16
0,155477,155731,0,49,2,0.27,0.73,0.09
0,155477,155477,1,4,3,0.49,0.51,0.6
0,155477,155477,1,2,2,0.15,0.85,0.32
0,155477,155731,0,58,2,0.3,0.7,0.31
0,955,76310,0,50,2,0.49,0.51,0.13
0,955,955,1,55,1,0.54,0.46,0.31
0,155758,76310,0,30,1,0.57,0.43,0.41
0,155758,76310,0,37,1,0.53,0.47,0.36
0,155670,155199,0,19,1,0.6,0.4,0.17
0,155670,155199,0,33,3,0.54,0.46,0.65
0,113253,155864,0,44,1,0.6,0.4,0.3
0,155421,76310,0,8,1,0.5,0.5,0.15
0,155421,76310,0,42,1,0.59,0.41,0.32
0,155421,76310,0,35,2,0.45,0.55,0.23
0,155421,155421,1,27,2,0.42,0.58,0.22
0,155421,76310,0,31,3,0.5,0.5,0.89
0,955,155842,0,8,1,0.52,0.48,0.38
0,955,47820,0,2,1,0.6,0.4,0.18
0,955,955,1,18,2,0.17,0.83,0.0
0,955,47820,0,56,1,0.56,0.44,0.27
0,955,155842,0,16,2,0.21,0.79,0.26
0,955,76310,0,21,2,0.45,0.55,0.36
0,955,155842,0,9,1,0.64,0.36,0.09
0,955,155842,0,46,2,0.33,0.67,0.26
0,955,955,1,25,3,0.48,0.52,0.79
0,955,155842,0,51,2,0.27,0.73,0.25
0,955,955,1,32,2,0.31,0.69,0.09
0,955,155842,0,12,2,0.31,0.69,0.12
0,955,955,1,19,2,0.31,0.69,0.15
0,955,76310,0,42,1,0.51,0.49,0.17
0,955,155842,0,7,2,0.37,0.63,0.03
0,955,155842,0,59,2,0.35,0.65,0.36
0,955,955,1,46,2,0.24,0.76,0.04
0,955,155842,0,36,2,0.41,0.59,0.27
0,955,955,1,57,2,0.21,0.79,0.09
0,955,155842,0,26,2,0.25,0.75,0.26
0,955,955,1,10,1,0.53,0.47,0.39
0,955,155842,0,18,2,0.32,0.68,0.09
0,955,955,1,6,2,0.48,0.52,0.33
0,955,155842,0,13,2,0.19,0.81,0.06
0,955,155842,0,28,2,0.31,0.69,0.08
0,955,155842,0,42,2,0.33,0.67,0.2
0,955,155842,0,23,2,0.4,0.6,0.39
0,955,155842,0,32,2,0.36,0.64,0.39
0,955,76310,0,49,3,0.53,0.47,0.51
0,955,155195,0,18,2,0.42,0.58,0.47
0,955,155195,0,4,1,0.57,0.43,0.19
0,955,155195,0,27,2,0.48,0.52,0.37
0,242,76310,0,25,2,0.29,0.71,0.2
0,955,76310,0,48,3,0.5,0.5,0.52
0,955,955,1,55,1,0.55,0.45,0.08
0,955,155259,0,2,3,0.49,0.51,0.51
0,955,955,1,24,1,0.63,0.37,0.23
0,955,155259,0,40,2,0.44,0.56,0.34
0,955,955,1,51,3,0.5,0.5,0.6
0,955,155259,0,15,1,0.56,0.44,0.13
0,955,155259,0,26,1,0.51,0.49,0.41
0,955,155259,0,52,2,0.5,0.5,0.19
0,955,155259,0,42,2,0.46,0.54,0.4
0,955,155259,0,25,3,0.28,0.72,0.56
0,955,155259,0,7,2,0.46,0.54,0.35
0,955,155259,0,32,1,0.57,0.43,0.37
0,955,155259,0,46,2,0.27,0.73,0.35
0,955,155259,0,2,2,0.42,0.58,0.24
0,955,955,1,3,2,0.44,0.56,0.3
0,955,955,1,20,1,0.59,0.41,0.23
0,955,955,1,37,3,0.59,0.41,0.62
0,955,155259,0,10,2,0.46,0.54,0.18
0,955,155259,0,23,3,0.72,0.28,0.64
0,955,155259,0,6,3,0.66,0.34,0.55
0,955,155259,0,59,2,0.29,0.71,0.34
0,955,155862,0,12,1,0.52,0.48,0.35
0,955,155862,0,33,2,0.47,0.53,0.47
0,955,955,1,47,2,0.49,0.51,0.23
0,955,155862,0,6,2,0.21,0.79,0.34
0,955,955,1,29,1,0.67,0.33,0.4
0,955,155862,0,7,2,0.3,0.7,0.32
0,955,76310,0,8,2,0.29,0.71,0.3
0,955,76310,0,24,1,0.55,0.45,0.06
0,955,76310,0,55,3,0.52,0.48,0.78
0,955,76310,0,42,1,0.54,0.46,0.49
0,955,955,1,28,3,0.52,0.48,0.59
0,955,76310,0,47,1,0.56,0.44,0.37
0,955,76310,0,53,2,0.47,0.53,0.39
0,955,76310,0,50,2,0.43,0.57,0.03
0,955,155842,0,3,2,0.42,0.58,0.34
0,955,76310,0,51,2,0.2,0.8,0.21
0,955,155259,0,55,2,0.43,0.57,0.4
0,155673,155195,0,54,2,0.36,0.64,0.44
0,155673,155195,0,12,2,0.44,0.56,0.34
0,155673,155673,1,53,2,0.26,0.74,0.34
0,155673,155673,1,26,1,0.53,0.47,0.34
0,155497,155195,0,43,2,0.47,0.53,0.34
0,155647,155259,0,37,3,0.3,0.7,0.59
0,155647,155647,1,8,3,0.27,0.73,0.78
0,155647,155259,0,4,1,0.55,0.45,0.3
0,155647,155647,1,41,2,0.4,0.6,0.34
0,955,76310,0,30,2,0.35,0.65,0.35
0,955,76310,0,42,1,0.52,0.48,0.39
0,955,76310,0,6,2,0.43,0.57,0.34
0,955,76310,0,21,3,0.51,0.49,0.71
0,155600,155259,0,14,3,0.32,0.68,0.72
0,155600,155259,0,8,2,0.24,0.76,0.34
0,42961,76310,0,7,3,0.41,0.59,0.75
0,42961,76310,0,30,3,0.24,0.76,0.57
0,42961,42961,1,54,2,0.33,0.67,0.38
0,42961,42961,1,31,1,0.68,0.32,0.2
0,955,155259,0,10,3,0.56,0.44,0.76
0,955,155259,0,42,2,0.49,0.51,0.25
0,955,155199,0,8,2,0.32,0.68,0.15
0,955,155199,0,6,2,0.48,0.52,0.39
0,955,155199,0,46,2,0.31,0.69,0.23
0,955,155199,0,58,3,0.43,0.57,0.5
0,955,155199,0,56,2,0.25,0.75,0.37
0,955,155199,0,8,2,0.49,0.51,0.36
0,955,955,1,5,2,0.1,0.9,0.11
0,955,76310,0,45,2,0.29,0.71,0.21
0,955,76310,0,51,3,0.49,0.51,0.6
0,955,155864,0,51,2,0.4,0.6,0.35
0,955,155864,0,10,3,0.51,0.49,0.76
0,955,155864,0,37,2,0.36,0.64,0.38
0,955,155864,0,36,2,0.46,0.54,0.34
0,955,955,1,21,1,0.59,0.41,0.33
0,955,155259,0,29,1,0.56,0.44,0.46
0,155515,76310,0,1,1,0.54,0.46,0.26
0,155515,155515,1,45,2,0.43,0.57,0.24
0,155515,155366,0,20,1,0.57,0.43,0.48
0,155515,155515,1,3,2,0.42,0.58,0.17
0,155515,155366,0,20,2,0.38,0.62,0.28
0,155515,155864,0,27,3,0.35,0.65,0.62
0,155515,155515,1,47,2,0.36,0.64,0.09
0,155515,155864,0,0,1,0.53,0.47,0.25
0,955,76310,0,27,3,0.49,0.51,0.6
0,955,76310,0,41,2,0.28,0.72,0.43
0,955,76310,0,23,2,0.3,0.7,0.24
0,955,76310,0,25,2,0.47,0.53,0.43
0,955,155199,0,33,3,0.45,0.55,0.6
0,955,76310,0,39,1,0.57,0.43,0.01
0,955,76310,0,31,2,0.24,0.76,0.24
0,955,76310,0,35,2,0.31,0.69,0.37
0,955,955,1,23,3,0.38,0.62,0.89
0,955,955,1,6,3,0.49,0.51,0.6
0,955,955,1,52,3,0.35,0.65,0.56
0,955,955,1,16,3,0.47,0.53,0.67
0,955,955,1,13,3,0.49,0.51,0.6
0,955,955,1,8,2,0.39,0.61,0.34
0,955,76310,0,55,2,0.33,0.67,0.42
0,955,955,1,57,1,0.58,0.42,0.01
0,955,955,1,17,1,0.54,0.46,0.48
0,955,76310,0,22,1,0.62,0.38,0.16
0,955,155864,0,57,2,0.34,0.66,0.15
0,955,155864,0,11,2,0.38,0.62,0.33
0,955,155864,0,6,2,0.48,0.52,0.29
0,955,155864,0,49,2,0.29,0.71,0.35
0,955,955,1,58,2,0.37,0.63,0.31
0,955,955,1,57,2,0.41,0.59,0.48
0,955,155259,0,29,2,0.44,0.56,0.16
0,955,155864,0,56,2,0.15,0.85,0.24
0,955,155259,0,56,3,0.36,0.64,0.58
1,955,155864,0,38,3,0.38,0.62,0.58
1,955,155259,0,56,2,0.39,0.61,0.34
1,955,955,1,20,1,0.81,0.19,0.17
0,155842,76310,0,7,1,0.64,0.36,0.2
0,155842,155842,1,48,2,0.11,0.89,0.0
0,155471,155471,1,39,1,0.58,0.42,0.39
0,155471,155195,0,59,2,0.29,0.71,0.14
0,155471,155864,0,51,3,0.49,0.51,0.76
0,155471,155864,0,43,3,0.44,0.56,0.74
0,155471,155864,0,15,1,0.61,0.39,0.16
0,155471,155471,1,23,2,0.39,0.61,0.21
0,155471,155864,0,22,2,0.38,0.62,0.19
0,155471,155471,1,59,2,0.46,0.54,0.36
0,155471,155864,0,43,1,0.55,0.45,0.13
0,155471,155471,1,14,2,0.27,0.73,0.23
0,155471,155471,1,51,1,0.55,0.45,0.48
0,155471,155864,0,58,2,0.18,0.82,0.32
0,155471,155471,1,19,1,0.62,0.38,0.37
0,155471,155471,1,18,3,0.44,0.56,0.74
0,155471,155259,0,25,1,0.67,0.33,0.25
0,155471,155864,0,8,1,0.69,0.31,0.25
0,155471,155471,1,15,2,0.27,0.73,0.41
0,155471,155471,1,55,2,0.48,0.52,0.18
0,155464,76310,0,13,2,0.43,0.57,0.36
0,155409,76310,0,2,2,0.35,0.65,0.22
0,155364,155259,0,36,3,0.33,0.67,0.56
0,155364,155364,1,6,2,0.27,0.73,0.34
0,155364,76310,0,12,1,0.54,0.46,0.16
0,155364,155364,1,35,2,0.38,0.62,0.2
0,155364,155864,0,25,2,0.46,0.54,0.4
0,155364,155864,0,59,3,0.34,0.66,0.63
0,155364,155864,0,53,1,0.52,0.48,0.18
0,155364,155864,0,40,1,0.54,0.46,0.04
0,155364,155364,1,40,2,0.31,0.69,0.2
0,155364,155364,1,56,2,0.31,0.69,0.05
0,155364,76310,0,44,1,0.59,0.41,0.19
0,155364,76310,0,3,3,0.28,0.72,0.53
0,155364,76310,0,20,1,0.51,0.49,0.09
0,155364,76310,0,51,3,0.57,0.43,0.54
0,155364,155364,1,40,2,0.2,0.8,0.32
0,155364,155364,1,33,2,0.48,0.52,0.17
0,155842,155864,0,34,2,0.27,0.73,0.34
0,155325,155259,0,3,3,0.55,0.45,0.79
0,155325,155259,0,57,2,0.48,0.52,0.35
0,155325,155259,0,33,3,0.47,0.53,0.86
0,155325,155259,0,1,1,0.66,0.34,0.34
0,155325,155325,1,31,1,0.56,0.44,0.31
0,155325,155325,1,22,2,0.28,0.72,0.34
0,155337,76310,0,2,2,0.34,0.66,0.34
0,155337,155337,1,48,1,0.67,0.33,0.12
0,155337,155864,0,24,1,0.59,0.41,0.21
0,155337,155259,0,20,3,0.41,0.59,0.58
0,155337,153444,0,12,1,0.61,0.39,0.3
0,99803,155864,0,41,2,0.49,0.51,0.37
0,99803,155259,0,1,3,0.34,0.66,0.59
0,155325,155259,0,30,1,0.71,0.29,0.03
0,155325,155259,0,19,3,0.57,0.43,0.63
0,155325,155259,0,59,1,0.64,0.36,0.36
0,155325,155259,0,24,1,0.57,0.43,0.39
0,155325,155325,1,0,3,0.32,0.68,0.67
0,155325,155325,1,20,2,0.43,0.57,0.4
0,155325,155259,0,42,2,0.29,0.71,0.24
0,155325,155325,1,49,2,0.16,0.84,0.33
0,89258,155864,0,32,1,0.69,0.31,0.29
0,89258,89258,1,27,2,0.41,0.59,0.32
0,89258,89258,1,26,2,0.45,0.55,0.34
0,89258,89258,1,18,2,0.49,0.51,0.33
0,89258,155259,0,59,2,0.24,0.76,0.38
0,89258,155259,0,30,1,0.71,0.29,0.46
0,89258,89258,1,28,2,0.27,0.73,0.22
0,89258,155259,0,7,3,0.63,0.37,0.52
0,89258,155259,0,33,2,0.3,0.7,0.37
0,89258,155259,0,53,2,0.47,0.53,0.21
0,89258,155259,0,38,2,0.4,0.6,0.33
0,89258,89258,1,4,3,0.49,0.51,0.88
0,89258,89258,1,54,1,0.64,0.36,0.3
0,89258,155259,0,32,3,0.42,0.58,0.55
0,89258,89258,1,50,1,0.68,0.32,0.45
0,47820,155199,0,34,2,0.36,0.64,0.44
0,47820,47820,1,27,2,0.18,0.82,0.35
0,47820,155199,0,17,2,0.21,0.79,0.39
0,47820,47820,1,14,1,0.52,0.48,0.4
0,47820,155199,0,10,2,0.33,0.67,0.12
0,47820,47820,1,49,1,0.79,0.21,0.13
0,155263,155864,0,28,3,0.38,0.62,0.71
0,155263,155263,1,6,2,0.46,0.54,0.2
0,19083,155259,0,45,2,0.35,0.65,0.48
0,19083,153444,0,33,2,0.44,0.56,0.34
0,19083,153444,0,45,2,0.49,0.51,0.38
0,19083,153444,0,57,3,0.54,0.46,0.6
0,19083,19083,1,57,2,0.33,0.67,0.23
0,19083,155259,0,56,3,0.26,0.74,0.74
0,19083,155259,0,48,2,0.41,0.59,0.39
0,155477,155199,0,8,3,0.63,0.37,0.52
0,155477,155199,0,16,2,0.37,0.63,0.44
0,955,76310,0,27,3,0.49,0.51,0.6
0,955,155259,0,42,3,0.4,0.6,0.51
0,955,155259,0,35,1,0.51,0.49,0.12
0,955,155259,0,56,1,0.5,0.5,0.36
0,955,155259,0,54,3,0.33,0.67,0.78
0,955,155259,0,39,1,0.51,0.49,0.38
0,955,76310,0,46,1,0.54,0.46,0.37
0,955,76310,0,31,3,0.66,0.34,0.72
0,955,76310,0,41,2,0.46,0.54,0.37
0,955,76310,0,52,3,0.54,0.46,0.6
0,955,955,1,25,2,0.36,0.64,0.36
0,955,76310,0,28,1,0.56,0.44,0.35
0,155195,155259,0,4,2,0.35,0.65,0.33
0,155195,155259,0,10,2,0.47,0.53,0.17
0,47820,155195,0,2,2,0.36,0.64,0.37
0,955,76310,0,18,2,0.48,0.52,0.36
0,955,155259,0,40,2,0.36,0.64,0.24
0,955,155259,0,19,1,0.5,0.5,0.22
0,955,155259,0,10,2,0.48,0.52,0.42
0,955,155259,0,52,2,0.43,0.57,0.39
0,955,155259,0,4,1,0.52,0.48,0.23
0,955,955,1,21,2,0.31,0.69,0.32
0,955,155259,0,23,2,0.46,0.54,0.35
0,955,76310,0,12,2,0.27,0.73,0.25
0,955,955,1,37,2,0.43,0.57,0.19
0,955,155259,0,16,1,0.61,0.39,0.13
0,955,155864,0,7,2,0.34,0.66,0.27
0,955,155864,0,47,2,0.45,0.55,0.34
0,955,155864,0,58,2,0.27,0.73,0.21
0,955,155864,0,56,3,0.44,0.56,0.57
0,955,155864,0,19,1,0.52,0.48,0.4
0,955,155864,0,7,3,0.46,0.54,0.69
0,955,155864,0,24,2,0.39,0.61,0.39
0,955,155864,0,4,3,0.28,0.72,0.61
0,955,155864,0,45,2,0.44,0.56,0.36
0,955,155864,0,3,3,0.57,0.43,0.6
0,955,155864,0,9,3,0.38,0.62,0.52
0,955,955,1,55,2,0.22,0.78,0.42
0,955,955,1,25,3,0.33,0.67,0.81
0,955,155864,0,54,3,0.62,0.38,0.58
0,955,155864,0,35,2,0.32,0.68,0.34
0,955,155864,0,0,1,0.54,0.46,0.36
0,955,155864,0,8,3,0.58,0.42,0.72
0,955,155864,0,49,2,0.46,0.54,0.45
0,955,155864,0,42,2,0.35,0.65,0.38
0,955,155864,0,29,1,0.58,0.42,0.21
0,955,955,1,48,3,0.36,0.64,0.69
0,955,955,1,29,2,0.36,0.64,0.01
0,955,955,1,36,2,0.37,0.63,0.1
0,955,155864,0,35,2,0.47,0.53,0.19
0,955,155259,0,29,1,0.54,0.46,0.35
0,955,155259,0,43,2,0.4,0.6,0.38
0,955,155259,0,2,3,0.4,0.6,0.5
0,955,155259,0,52,2,0.45,0.55,0.35
0,955,155259,0,57,2,0.46,0.54,0.46
0,955,155864,0,3,2,0.34,0.66,0.38
0,955,155864,0,29,1,0.54,0.46,0.35
0,955,155864,0,53,3,0.67,0.33,0.72
0,955,155864,0,14,2,0.22,0.78,0.17
0,955,955,1,33,2,0.44,0.56,0.35
0,955,155259,0,42,2,0.4,0.6,0.33
0,955,155259,0,47,2,0.45,0.55,0.41
0,955,155259,0,39,2,0.46,0.54,0.41
0,955,155259,0,2,3,0.58,0.42,0.53
0,955,155864,0,30,3,0.47,0.53,0.59
0,955,155864,0,26,2,0.4,0.6,0.08
0,955,155864,0,11,2,0.45,0.55,0.33
0,955,155864,0,10,3,0.48,0.52,0.57
0,955,155864,0,57,2,0.5,0.5,0.4
0,955,155864,0,43,2,0.4,0.6,0.41
0,955,155864,0,44,2,0.49,0.51,0.15
0,955,155259,0,20,2,0.49,0.51,0.09
0,955,155864,0,38,2,0.23,0.77,0.46
0,955,155864,0,19,2,0.3,0.7,0.45
0,955,155864,0,53,3,0.37,0.63,0.64
0,955,155864,0,11,2,0.37,0.63,0.11
0,955,155864,0,57,1,0.55,0.45,0.33
0,955,155864,0,29,2,0.27,0.73,0.24
0,955,155864,0,50,1,0.64,0.36,0.11
0,955,76310,0,59,1,0.57,0.43,0.16
0,955,155864,0,17,2,0.35,0.65,0.27
0,955,955,1,24,3,0.14,0.86,0.51
0,955,155864,0,45,3,0.28,0.72,0.67
0,955,955,1,53,3,0.49,0.51,0.6
0,955,955,1,11,2,0.28,0.72,0.38
0,955,955,1,39,1,0.53,0.47,0.35
0,955,955,1,49,3,0.47,0.53,0.7
0,955,955,1,32,3,0.27,0.73,0.71
0,955,955,1,51,1,0.51,0.49,0.47
0,955,955,1,8,3,0.49,0.51,0.52
0,955,155864,0,59,2,0.49,0.51,0.36
0,955,955,1,51,3,0.51,0.49,0.53
0,955,155259,0,57,3,0.31,0.69,0.52
0,955,155259,0,25,2,0.34,0.66,0.25
0,955,155259,0,59,2,0.24,0.76,0.38
0,955,955,1,55,1,0.51,0.49,0.24
0,955,155259,0,6,2,0.37,0.63,0.11
0,955,155259,0,20,3,0.53,0.47,0.77
0,955,155259,0,28,3,0.53,0.47,0.77
0,955,155259,0,44,3,0.53,0.47,0.77
0,955,955,1,57,3,0.5,0.5,0.66
0,955,155195,0,48,2,0.31,0.69,0.09
0,955,955,1,37,1,0.54,0.46,0.11
0,955,155199,0,20,2,0.3,0.7,0.0
0,955,955,1,14,3,0.43,0.57,0.54
0,955,155259,0,19,2,0.31,0.69,0.02
0,955,155259,0,32,1,0.57,0.43,0.24
0,227415,76310,0,10,3,0.55,0.45,0.71
